Source,BranchId,CustomerId,UnItNr,CreateDate,UpdateDate,UserId,UserFied,Amount
ASSET APPLICATION,5,6,1466,03-09-21 10:50,03-09-21 13:14,A87F7113,3pm,443.23
External Vendor,3,7,135,03-09-21 10:52,03-09-21 15:40,FB167849,Product: STR,372.31
Ext. Vendor,3,4,349,03-09-21 10:53,,BB57A84E,Product: STR,116.96
External Vendor,1,6,577,03-09-21 10:55,,7A87CE29,Product: 3PC,419.14
ASSET APPLICATION,3,6,629,03-09-21 10:56,03-09-21 22:56,744D4C52,3PC,28.04
ASSET APPLICATION,6,4,117,03-09-21 10:58,,C2BA5FC7,LTL,24.12
Asset Application,1,9,876,03-09-21 10:59,04-09-21 03:47,7D3375FE,3PC,24.63
Ext. Vendor,2,8,1041,03-09-21 11:00,,A87F7113,Product: STR,284.31
Asset Application,6,2,391,03-09-21 11:02,,7D3375FE,Lont Term Lease,402.67
INV_5001,6,8,657,03-09-21 11:03,,7D3375FE,3PC,150.99
Asset Application,5,1,780,03-09-21 11:05,,7D3375FE,SHORT TERM RENTAL,199.87
INV_5002,4,3,402,03-09-21 11:06,,FB167849,3PC,118.92
Asset Application,5,3,612,03-09-21 11:08,,FB167849,ltl,472.89
Ext. Vendor,1,2,837,03-09-21 11:09,,7A87CE29,Product: 3PC,268.46
Asset Application,2,9,215,03-09-21 11:10,04-09-21 23:10,C2BA5FC7,STR,272.94
External Vendor,6,1,780,03-09-21 11:12,05-09-21 01:36,FB167849,Product: 3PC,159.62
ASSET APPLICATION,4,5,1026,03-09-21 11:13,05-09-21 04:01,DCAF192F,Third   Party Contract,373.41
INV_5003,1,7,817,03-09-21 11:15,,1F1E5E71,STR,210.69
Asset Application,1,4,983,03-09-21 11:16,05-09-21 08:52,C2BA5FC7,SHORT TERM RENTAL,53.14
Asset Application,3,4,280,03-09-21 11:18,05-09-21 11:18,744D4C52,Third   Party Contract,148.65
Ext. Vendor,4,7,718,03-09-21 11:19,05-09-21 13:43,7D3375FE,Product: 3PC,477.01
INV_5004,5,2,891,03-09-21 11:21,,7A87CE29,STR,14.52
INV_5005,1,6,829,03-09-21 11:22,05-09-21 18:34,BB57A84E,STR,148.45
ASSET APPLICATION,3,7,801,03-09-21 11:23,,7A87CE29,Third Party Contract,447.24
INV_5006,4,9,686,03-09-21 11:25,,7A87CE29,STR,225.85
Asset Application,4,1,507,03-09-21 11:26,06-09-21 01:50,FB167849,ShortTermRental,334.27
External Vendor,6,5,531,03-09-21 11:28,06-09-21 04:16,A87F7113,Product: 3PC,207.75
Asset Application,3,9,173,03-09-21 11:29,,BB57A84E,3PC,8.08
ASSET APPLICATION,2,2,1020,03-09-21 11:31,,7A87CE29,LontTermLease,285.84
Ext. Vendor,2,9,544,03-09-21 11:32,06-09-21 11:32,DCAF192F,Product: LTL,399.84
Asset Application,6,1,624,03-09-21 11:34,,7A87CE29,str,417.72
Asset Application,4,2,311,03-09-21 11:35,,DCAF192F,Short Term   Rental,104.61
ASSET APPLICATION,3,7,165,03-09-21 11:36,,7A87CE29,LTL,379.48
INV_5007,1,8,734,03-09-21 11:38,,744D4C52,3PC,189.34
Asset Application,3,2,756,03-09-21 11:39,,BB57A84E,Lont Term   Lease,208.43
Asset Application,1,4,847,03-09-21 11:41,,A87F7113,Third   Party Contract,198.55
Ext. Vendor,6,3,990,03-09-21 11:42,,FB167849,Product: 3PC,407.24
ASSET APPLICATION,5,9,447,03-09-21 11:44,,7A87CE29,LTL,223.72
ASSET APPLICATION,6,5,306,03-09-21 11:45,07-09-21 09:21,744D4C52,lont term lease,120.01
External Vendor,5,6,465,03-09-21 11:46,,FB167849,Product: LTL,261.14
ASSET APPLICATION,6,5,358,03-09-21 11:48,,1F1E5E71,ThirdPartyContract,174.56
Ext. Vendor,3,6,562,03-09-21 11:49,,A87F7113,Product: STR,356.67
INV_5008,1,9,685,03-09-21 11:51,07-09-21 19:03,6743A7E9,STR,61.48
Asset Application,2,6,728,03-09-21 11:52,,DCAF192F,Short Term   Rental,328.64
Ext. Vendor,1,2,912,03-09-21 11:54,07-09-21 23:54,FB167849,Product: 3PC,172.85
INV_5009,3,6,158,03-09-21 11:55,,A87F7113,LTL,369.69
ASSET APPLICATION,6,7,202,03-09-21 11:57,,6743A7E9,3PC,328.59
Asset Application,2,3,130,03-09-21 11:58,08-09-21 07:10,FB167849,ltl,80.08
Ext. Vendor,6,7,714,03-09-21 11:59,,6743A7E9,Product: STR,224.87
ASSET APPLICATION,2,4,218,03-09-21 12:01,,FB167849,Short Term Rental               ,222.51
INV_5010,6,2,321,03-09-21 12:02,,6743A7E9,STR,114.39
ASSET APPLICATION,2,6,507,03-09-21 12:04,,6743A7E9,Third Party Contract                     ,75.84
INV_5011,2,9,953,03-09-21 12:05,,FB167849,STR,437.55
Ext. Vendor,2,5,1007,03-09-21 12:07,08-09-21 21:43,6743A7E9,Product: 3PC,236.91
External Vendor,5,4,286,03-09-21 12:08,,C2BA5FC7,Product: LTL,266.9
INV_5012,1,9,202,03-09-21 12:10,09-09-21 02:34,7A87CE29,LTL,149.63
Asset Application,5,3,995,03-09-21 12:11,,1F1E5E71,THIRD PARTY CONTRACT,469.66
Ext. Vendor,4,7,744,03-09-21 12:12,,7D3375FE,Product: 3PC,482.72
Ext. Vendor,6,7,191,03-09-21 12:14,09-09-21 09:50,FB167849,Product: LTL,49.85
Ext. Vendor,2,5,209,03-09-21 12:15,,FB167849,Product: 3PC,121.12
ASSET APPLICATION,4,9,459,03-09-21 12:17,,DCAF192F,Short Term   Rental,129
ASSET APPLICATION,5,4,308,03-09-21 12:18,09-09-21 17:06,744D4C52,str,486.75
ASSET APPLICATION,5,4,139,03-09-21 12:20,09-09-21 19:32,7D3375FE,STR,79.48
Asset Application,4,4,904,03-09-21 12:21,09-09-21 21:57,7D3375FE,Short Term Rental,443.46
Ext. Vendor,1,6,330,03-09-21 12:22,,DCAF192F,Product: 3PC,359.55
ASSET APPLICATION,2,1,936,03-09-21 12:24,,1F1E5E71,LTL,140.4
Asset Application,6,9,866,03-09-21 12:25,,A87F7113,short term rental,77.18
External Vendor,4,6,174,03-09-21 12:27,10-09-21 07:39,BB57A84E,Product: 3PC,476.23
INV_5013,3,8,1019,03-09-21 12:28,,7A87CE29,LTL,268.28
ASSET APPLICATION,1,3,472,03-09-21 12:30,10-09-21 12:30,744D4C52,Lont Term   Lease,452.89
Asset Application,1,2,717,03-09-21 12:31,10-09-21 14:55,7D3375FE,Lont Term Lease,260.5
External Vendor,1,7,727,03-09-21 12:33,10-09-21 17:21,6743A7E9,Product: LTL,122.4
ASSET APPLICATION,3,7,510,03-09-21 12:34,,7D3375FE,third party contract,331.8
INV_5014,4,8,713,03-09-21 12:35,10-09-21 22:11,C2BA5FC7,STR,449.37
ASSET APPLICATION,5,9,566,03-09-21 12:37,,1F1E5E71,Lont Term Lease,278.5
ASSET APPLICATION,2,3,683,03-09-21 12:38,11-09-21 03:02,DCAF192F,STR,28.43
Asset Application,1,6,556,03-09-21 12:40,,744D4C52,3PC,112.02
Asset Application,3,7,515,03-09-21 12:41,,A87F7113,third party contract,27.42
External Vendor,2,8,341,03-09-21 12:43,,BB57A84E,Product: LTL,133.46
External Vendor,3,1,737,03-09-21 12:44,11-09-21 12:44,A87F7113,Product: LTL,373.6
INV_5015,4,7,674,03-09-21 12:46,,7D3375FE,STR,99.21
Asset Application,3,1,189,03-09-21 12:47,,744D4C52,3PC,290.32
Asset Application,3,1,1086,03-09-21 12:48,,744D4C52,SHORT TERM RENTAL,323.75
ASSET APPLICATION,2,5,934,03-09-21 12:50,,7D3375FE,Short Term Rental,438.04
ASSET APPLICATION,2,4,656,03-09-21 12:51,,7A87CE29,Short Term   Rental,105.51
ASSET APPLICATION,5,6,1014,03-09-21 12:53,,744D4C52,ThirdPartyContract,344.66
ASSET APPLICATION,3,1,535,03-09-21 12:54,12-09-21 05:42,7A87CE29,Third Party Contract,441.16
INV_5016,6,7,759,03-09-21 12:56,,744D4C52,3PC,416.74
Asset Application,4,4,124,03-09-21 12:57,,1F1E5E71,ThirdPartyContract,436.55
INV_5017,6,4,580,03-09-21 12:58,12-09-21 12:58,6743A7E9,3PC,52.03
ASSET APPLICATION,3,5,864,03-09-21 13:00,,FB167849,LONT TERM LEASE,153.02
Ext. Vendor,1,1,120,03-09-21 13:01,,BB57A84E,Product: 3PC,369.65
ASSET APPLICATION,5,5,660,03-09-21 13:03,,7D3375FE,Lont Term Lease,472.15
External Vendor,5,7,1008,03-09-21 13:04,,C2BA5FC7,Product: 3PC,58.59
INV_5018,4,3,525,03-09-21 13:06,13-09-21 01:06,C2BA5FC7,3PC,60.56
ASSET APPLICATION,1,8,1038,03-09-21 13:07,,7A87CE29,3pm,491.03
Ext. Vendor,5,9,736,03-09-21 13:09,,DCAF192F,Product: STR,308.65
ASSET APPLICATION,2,5,154,03-09-21 13:10,,A87F7113,lont term lease,52.8
INV_5019,1,1,1009,03-09-21 13:11,13-09-21 10:47,6743A7E9,3PC,104.65
Ext. Vendor,4,9,791,03-09-21 13:13,,DCAF192F,Product: LTL,50.71
ASSET APPLICATION,5,9,1035,03-09-21 13:14,,1F1E5E71,Third Party Contract,187.27
Ext. Vendor,4,2,263,03-09-21 13:16,,1F1E5E71,Product: STR,56.99
INV_5020,1,3,568,03-09-21 13:17,,BB57A84E,3PC,309.19
ASSET APPLICATION,3,7,733,03-09-21 13:19,,DCAF192F,ThirdPartyContract,22.92
INV_5021,3,3,897,03-09-21 13:20,,7A87CE29,LTL,9.85
Ext. Vendor,6,7,169,03-09-21 13:22,,C2BA5FC7,Product: 3PC,234.33
External Vendor,1,2,1029,03-09-21 13:23,,A87F7113,Product: STR,393.35
INV_5022,3,8,548,03-09-21 13:24,14-09-21 08:36,C2BA5FC7,LTL,174.34
Asset Application,6,8,1041,03-09-21 13:26,,7A87CE29,LONT TERM LEASE,435.89
ASSET APPLICATION,5,6,707,03-09-21 13:27,,C2BA5FC7,Lont Term Lease,280.05
External Vendor,2,4,350,03-09-21 13:29,,6743A7E9,Product: STR,108.59
Ext. Vendor,1,4,461,03-09-21 13:30,,A87F7113,Product: 3PC,398.36
INV_5023,3,3,349,03-09-21 13:32,14-09-21 20:44,FB167849,STR,495.78
Asset Application,6,1,1016,03-09-21 13:33,,7D3375FE,third party contract,408.74
Asset Application,6,2,358,03-09-21 13:34,,BB57A84E,Third   Party Contract,488.59
Ext. Vendor,4,7,866,03-09-21 13:36,,7A87CE29,Product: 3PC,424.25
Ext. Vendor,6,6,987,03-09-21 13:37,15-09-21 06:25,A87F7113,Product: 3PC,266.05
Asset Application,1,9,452,03-09-21 13:39,,BB57A84E,3PC,88.79
ASSET APPLICATION,6,4,582,03-09-21 13:40,,6743A7E9,Lont Term Lease                   ,159.53
External Vendor,4,5,386,03-09-21 13:42,,1F1E5E71,Product: STR,426.97
External Vendor,4,7,863,03-09-21 13:43,,6743A7E9,Product: STR,285.1
External Vendor,5,7,675,03-09-21 13:45,,FB167849,Product: LTL,367.88
Ext. Vendor,2,7,104,03-09-21 13:46,,1F1E5E71,Product: LTL,152.57
ASSET APPLICATION,6,4,1033,03-09-21 13:47,,A87F7113,STR,199.52
Ext. Vendor,3,6,707,03-09-21 13:49,,A87F7113,Product: LTL,195.58
Ext. Vendor,2,7,924,03-09-21 13:50,,6743A7E9,Product: 3PC,258.63
Asset Application,1,8,387,03-09-21 13:52,,A87F7113,lont term lease,136.94
ASSET APPLICATION,4,1,928,03-09-21 13:53,,1F1E5E71,LTL,425.73
Ext. Vendor,3,6,331,03-09-21 13:55,,A87F7113,Product: STR,174.13
Asset Application,2,7,394,03-09-21 13:56,,DCAF192F,SHORT TERM RENTAL,188.57
ASSET APPLICATION,5,4,807,03-09-21 13:58,,7D3375FE,third party contract,69.48
External Vendor,1,8,936,03-09-21 13:59,16-09-21 18:47,1F1E5E71,Product: STR,356.07
Ext. Vendor,2,5,552,03-09-21 14:00,16-09-21 21:12,BB57A84E,Product: 3PC,427.52
External Vendor,4,1,601,03-09-21 14:02,16-09-21 23:38,C2BA5FC7,Product: 3PC,250.63
ASSET APPLICATION,5,7,621,03-09-21 14:03,,DCAF192F,Lont Term Lease,443.67
Ext. Vendor,4,4,620,03-09-21 14:05,,DCAF192F,Product: 3PC,1.76
ASSET APPLICATION,4,5,208,03-09-21 14:06,,7A87CE29,Lont Term Lease,25.09
External Vendor,6,6,339,03-09-21 14:08,,FB167849,Product: LTL,387.13
ASSET APPLICATION,5,5,823,03-09-21 14:09,,7A87CE29,Third Party Contract                     ,17.38
External Vendor,3,9,488,03-09-21 14:10,17-09-21 14:10,A87F7113,Product: LTL,291.89
INV_5024,4,3,824,03-09-21 14:12,,BB57A84E,LTL,32.32
INV_5025,2,8,850,03-09-21 14:13,17-09-21 19:01,7D3375FE,LTL,164.58
Ext. Vendor,2,1,539,03-09-21 14:15,17-09-21 21:27,DCAF192F,Product: LTL,396.6
Asset Application,2,9,1043,03-09-21 14:16,17-09-21 23:52,FB167849,ltl,3.93
INV_5026,5,3,993,03-09-21 14:18,,A87F7113,3PC,197.61
ASSET APPLICATION,2,2,1008,03-09-21 14:19,18-09-21 04:43,C2BA5FC7,Lont Term Lease,122.7
ASSET APPLICATION,5,8,114,03-09-21 14:21,,744D4C52,SHORT TERM RENTAL,393.72
Asset Application,5,9,659,03-09-21 14:22,18-09-21 09:34,7D3375FE,ltl,105.98
Asset Application,4,3,179,03-09-21 14:23,18-09-21 11:59,1F1E5E71,Short Term Rental,220.68
ASSET APPLICATION,5,7,1024,03-09-21 14:25,,7A87CE29,STR,483.97
External Vendor,6,9,757,03-09-21 14:26,,C2BA5FC7,Product: 3PC,462.17
Asset Application,4,7,294,03-09-21 14:28,,C2BA5FC7,ThirdPartyContract,409.34
ASSET APPLICATION,1,5,1029,03-09-21 14:29,,A87F7113,Third Party Contract                     ,156.82
Ext. Vendor,4,2,472,03-09-21 14:31,19-09-21 00:07,7D3375FE,Product: STR,145.36
Ext. Vendor,1,4,721,03-09-21 14:32,,A87F7113,Product: LTL,221.29
ASSET APPLICATION,6,4,1045,03-09-21 14:34,19-09-21 04:58,FB167849,3PC,137.37
External Vendor,4,7,866,03-09-21 14:35,,BB57A84E,Product: 3PC,244.75
Ext. Vendor,3,8,818,03-09-21 14:36,,1F1E5E71,Product: 3PC,488.44
ASSET APPLICATION,1,2,290,03-09-21 14:38,19-09-21 12:14,1F1E5E71,Third Party Contract,179.97
INV_5027,2,4,816,03-09-21 14:39,,DCAF192F,STR,172.55
Asset Application,6,7,151,03-09-21 14:41,,FB167849,LTL,119.84
ASSET APPLICATION,3,9,902,03-09-21 14:42,19-09-21 19:30,744D4C52,THIRD PARTY CONTRACT,285.48
Ext. Vendor,1,1,1052,03-09-21 14:44,,7D3375FE,Product: LTL,358.5
INV_5028,1,8,154,03-09-21 14:45,20-09-21 00:21,DCAF192F,STR,351.33
External Vendor,1,2,405,03-09-21 14:46,20-09-21 02:46,7D3375FE,Product: LTL,269.09
INV_5029,1,5,352,03-09-21 14:48,20-09-21 05:12,7D3375FE,LTL,185.88
ASSET APPLICATION,6,1,240,03-09-21 14:49,,6743A7E9,Third Party Contract,326.1
Asset Application,6,7,723,03-09-21 14:51,,6743A7E9,THIRD PARTY CONTRACT,379.02
Asset Application,1,6,939,03-09-21 14:52,,744D4C52,Short Term Rental               ,177.09
INV_5030,4,9,290,03-09-21 14:54,,DCAF192F,LTL,399.89
Asset Application,3,9,601,03-09-21 14:55,20-09-21 17:19,A87F7113,ShortTermRental,281.03
Ext. Vendor,4,5,452,03-09-21 14:57,,7A87CE29,Product: 3PC,175.56
External Vendor,3,5,811,03-09-21 14:58,,BB57A84E,Product: LTL,337.82
External Vendor,1,1,108,03-09-21 14:59,21-09-21 00:35,6743A7E9,Product: LTL,90.55
External Vendor,5,5,282,03-09-21 15:01,,7A87CE29,Product: 3PC,61.28
ASSET APPLICATION,6,5,960,03-09-21 15:02,,744D4C52,Third Party Contract,398.36
Asset Application,3,9,1060,03-09-21 15:04,,744D4C52,LontTermLease,208.52
External Vendor,4,1,959,03-09-21 15:05,21-09-21 10:17,6743A7E9,Product: LTL,237.68
Ext. Vendor,1,3,256,03-09-21 15:07,21-09-21 12:43,744D4C52,Product: 3PC,474.25
External Vendor,2,9,638,03-09-21 15:08,,C2BA5FC7,Product: 3PC,72.75
Ext. Vendor,5,9,632,03-09-21 15:10,,BB57A84E,Product: LTL,99.99
INV_5031,3,5,272,03-09-21 15:11,,BB57A84E,LTL,81.38
INV_5032,4,6,477,03-09-21 15:12,,6743A7E9,3PC,184.4
External Vendor,5,3,873,03-09-21 15:14,,C2BA5FC7,Product: LTL,291.65
External Vendor,2,9,534,03-09-21 15:15,22-09-21 03:15,6743A7E9,Product: 3PC,225.78
Ext. Vendor,5,3,160,03-09-21 15:17,22-09-21 05:41,FB167849,Product: LTL,161.5
Ext. Vendor,4,1,356,03-09-21 15:18,,BB57A84E,Product: 3PC,97.15
Asset Application,2,1,505,03-09-21 15:20,,FB167849,lont term lease,464.54
Ext. Vendor,1,6,775,03-09-21 15:21,,FB167849,Product: LTL,239.93
INV_5033,2,2,552,03-09-21 15:22,22-09-21 15:22,1F1E5E71,3PC,114.23
ASSET APPLICATION,1,3,1044,03-09-21 15:24,22-09-21 17:48,DCAF192F,str,151.13
Asset Application,2,1,1092,03-09-21 15:25,,7D3375FE,Third   Party Contract,495.66
External Vendor,4,5,294,03-09-21 15:27,,FB167849,Product: 3PC,335.92
ASSET APPLICATION,3,6,407,03-09-21 15:28,23-09-21 01:04,6743A7E9,3PC,308.11
Ext. Vendor,6,1,538,03-09-21 15:30,23-09-21 03:30,1F1E5E71,Product: 3PC,66.26
Ext. Vendor,4,5,103,03-09-21 15:31,,FB167849,Product: LTL,79.58
Ext. Vendor,3,7,1008,03-09-21 15:33,,FB167849,Product: LTL,118.71
INV_5034,4,4,138,03-09-21 15:34,,1F1E5E71,STR,133.61
INV_5035,6,5,475,03-09-21 15:35,,7D3375FE,3PC,448.23
INV_5036,5,6,808,03-09-21 15:37,23-09-21 15:37,DCAF192F,LTL,472.28
ASSET APPLICATION,3,6,739,03-09-21 15:38,,A87F7113,Third Party Contract,175.78
INV_5037,5,2,624,03-09-21 15:40,23-09-21 20:28,DCAF192F,LTL,384.6
INV_5038,1,8,497,03-09-21 15:41,23-09-21 22:53,6743A7E9,STR,370.32
ASSET APPLICATION,2,7,130,03-09-21 15:43,,DCAF192F,Lont Term Lease,85.21
Ext. Vendor,6,3,301,03-09-21 15:44,,7A87CE29,Product: STR,487.34
ASSET APPLICATION,3,3,760,03-09-21 15:46,24-09-21 06:10,A87F7113,3PC,159.16
ASSET APPLICATION,5,4,623,03-09-21 15:47,24-09-21 08:35,FB167849,Third Party Contract,63.16
Ext. Vendor,2,2,235,03-09-21 15:48,,6743A7E9,Product: STR,356.19
ASSET APPLICATION,5,7,940,03-09-21 15:50,,FB167849,LontTermLease,118.76
Asset Application,5,9,264,03-09-21 15:51,,FB167849,ltl,260.52
INV_5039,4,9,765,03-09-21 15:53,,FB167849,STR,50.27
Ext. Vendor,2,8,318,03-09-21 15:54,,BB57A84E,Product: 3PC,380.15
Asset Application,5,8,425,03-09-21 15:56,24-09-21 23:08,BB57A84E,short term rental,58.32
Asset Application,1,7,163,03-09-21 15:57,,7D3375FE,Short Term Rental,360.45
Ext. Vendor,2,6,929,03-09-21 15:58,,6743A7E9,Product: LTL,180.18
INV_5040,1,6,560,03-09-21 16:00,,744D4C52,LTL,25.77
External Vendor,1,6,162,03-09-21 16:01,,DCAF192F,Product: STR,476.96
Ext. Vendor,1,8,810,03-09-21 16:03,,BB57A84E,Product: STR,367.56
Asset Application,6,8,380,03-09-21 16:04,,7D3375FE,LTL,104.03
Asset Application,3,1,855,03-09-21 16:06,,744D4C52,Lont Term Lease                   ,52.65
Asset Application,4,9,469,03-09-21 16:07,,A87F7113,LontTermLease,472.58
Ext. Vendor,1,1,731,03-09-21 16:09,,6743A7E9,Product: 3PC,22.7
INV_5041,5,1,907,03-09-21 16:10,25-09-21 23:22,FB167849,STR,148.44
INV_5042,6,7,122,03-09-21 16:11,,DCAF192F,LTL,65.61
INV_5043,2,8,138,03-09-21 16:13,,1F1E5E71,STR,252.95
External Vendor,6,4,957,03-09-21 16:14,,BB57A84E,Product: 3PC,197.34
Ext. Vendor,4,2,250,03-09-21 16:16,,DCAF192F,Product: LTL,375.58
External Vendor,1,8,430,03-09-21 16:17,,BB57A84E,Product: 3PC,91.06
ASSET APPLICATION,1,7,450,03-09-21 16:19,,FB167849,ltl,1.93
ASSET APPLICATION,6,5,299,03-09-21 16:20,26-09-21 16:20,744D4C52,THIRD PARTY CONTRACT,178.57
External Vendor,6,1,988,03-09-21 16:22,26-09-21 18:46,7D3375FE,Product: LTL,418.73
Asset Application,1,6,410,03-09-21 16:23,26-09-21 21:11,DCAF192F,ltl,267.5
Asset Application,3,7,560,03-09-21 16:24,,A87F7113,Lont Term Lease,51.12
Ext. Vendor,4,4,891,03-09-21 16:26,,A87F7113,Product: STR,360.94
ASSET APPLICATION,4,7,452,03-09-21 16:27,,BB57A84E,str,469.51
Ext. Vendor,3,6,803,03-09-21 16:29,,DCAF192F,Product: LTL,215.18
Ext. Vendor,2,6,893,03-09-21 16:30,27-09-21 09:18,7A87CE29,Product: STR,294.73
Ext. Vendor,6,3,254,03-09-21 16:32,27-09-21 11:44,A87F7113,Product: STR,275.26
Ext. Vendor,3,9,686,03-09-21 16:33,27-09-21 14:09,BB57A84E,Product: 3PC,68.02
INV_5044,3,6,848,03-09-21 16:34,,BB57A84E,LTL,93.43
Ext. Vendor,4,6,134,03-09-21 16:36,,DCAF192F,Product: LTL,350.26
Asset Application,5,3,123,03-09-21 16:37,,1F1E5E71,lont term lease,327.01
ASSET APPLICATION,6,6,300,03-09-21 16:39,,7A87CE29,Short Term   Rental,99.75
External Vendor,1,8,127,03-09-21 16:40,,BB57A84E,Product: STR,85.3
Asset Application,4,9,1041,03-09-21 16:42,28-09-21 04:42,7A87CE29,ltl,38.04
External Vendor,4,1,352,03-09-21 16:43,,BB57A84E,Product: LTL,88.68
INV_5045,6,4,952,03-09-21 16:45,28-09-21 09:33,744D4C52,3PC,215.73
Ext. Vendor,5,8,170,03-09-21 16:46,,BB57A84E,Product: LTL,124.26
Ext. Vendor,2,3,269,03-09-21 16:47,28-09-21 14:23,A87F7113,Product: STR,263.82
Ext. Vendor,4,3,612,03-09-21 16:49,28-09-21 16:49,C2BA5FC7,Product: 3PC,375.71
ASSET APPLICATION,5,5,788,03-09-21 16:50,28-09-21 19:14,7A87CE29,Short Term   Rental,114.23
External Vendor,4,1,1019,03-09-21 16:52,,C2BA5FC7,Product: 3PC,238.5
External Vendor,5,3,250,03-09-21 16:53,29-09-21 00:05,1F1E5E71,Product: STR,346.86
Ext. Vendor,1,7,747,03-09-21 16:55,29-09-21 02:31,C2BA5FC7,Product: LTL,486.08
External Vendor,1,7,870,03-09-21 16:56,,A87F7113,Product: 3PC,151.86
External Vendor,4,8,355,03-09-21 16:58,,7D3375FE,Product: LTL,339.31
INV_5046,2,3,318,03-09-21 16:59,,BB57A84E,LTL,137.65
Asset Application,4,4,116,03-09-21 17:00,29-09-21 12:12,A87F7113,ShortTermRental,269.84
External Vendor,5,4,439,03-09-21 17:02,,6743A7E9,Product: LTL,343.51
Ext. Vendor,5,7,1024,03-09-21 17:03,29-09-21 17:03,BB57A84E,Product: LTL,292.12
INV_5047,2,1,503,03-09-21 17:05,29-09-21 19:29,DCAF192F,STR,159.16
Ext. Vendor,4,4,404,03-09-21 17:06,29-09-21 21:54,744D4C52,Product: 3PC,94.83
INV_5048,6,7,387,03-09-21 17:08,,1F1E5E71,STR,284.71
Ext. Vendor,3,4,836,03-09-21 17:09,,6743A7E9,Product: 3PC,472.79
INV_5049,1,2,265,03-09-21 17:10,,744D4C52,LTL,126.89
External Vendor,2,9,695,03-09-21 17:12,,6743A7E9,Product: 3PC,253.84
Ext. Vendor,2,2,903,03-09-21 17:13,30-09-21 10:01,C2BA5FC7,Product: STR,284.96
ASSET APPLICATION,6,5,600,03-09-21 17:15,,1F1E5E71,ThirdPartyContract,46.79
Ext. Vendor,2,6,610,03-09-21 17:16,,C2BA5FC7,Product: 3PC,83.12
INV_5050,3,2,525,03-09-21 17:18,,7D3375FE,LTL,33.19
ASSET APPLICATION,1,3,867,03-09-21 17:19,30-09-21 19:43,BB57A84E,Short Term   Rental,256.96
Ext. Vendor,3,9,160,03-09-21 17:21,30-09-21 22:09,744D4C52,Product: 3PC,59.6
INV_5051,5,7,435,03-09-21 17:22,,C2BA5FC7,STR,214.33
Asset Application,2,4,696,03-09-21 17:23,01-10-21 02:59,FB167849,Third Party Contract,226.29
External Vendor,1,8,847,03-09-21 17:25,,FB167849,Product: LTL,63.38
INV_5052,5,3,500,03-09-21 17:26,,744D4C52,3PC,460.77
External Vendor,6,5,636,03-09-21 17:28,,7D3375FE,Product: 3PC,398.14
External Vendor,4,4,264,03-09-21 17:29,,7D3375FE,Product: 3PC,38.35
ASSET APPLICATION,4,5,348,03-09-21 17:31,01-10-21 15:07,7A87CE29,STR,189.79
INV_5053,1,9,624,03-09-21 17:32,01-10-21 17:32,1F1E5E71,STR,225.69
External Vendor,4,2,720,03-09-21 17:34,,1F1E5E71,Product: STR,18.31
Ext. Vendor,3,9,708,03-09-21 17:35,,FB167849,Product: STR,489.16
External Vendor,3,2,214,03-09-21 17:36,,6743A7E9,Product: STR,458.97
Ext. Vendor,4,3,194,03-09-21 17:38,,7A87CE29,Product: STR,50.72
ASSET APPLICATION,5,4,752,03-09-21 17:39,,7A87CE29,Short Term Rental               ,248.26
ASSET APPLICATION,1,8,1048,03-09-21 17:41,,6743A7E9,Third Party Contract,270
Ext. Vendor,6,4,327,03-09-21 17:42,,1F1E5E71,Product: LTL,394.87
Ext. Vendor,1,9,370,03-09-21 17:44,02-10-21 12:56,A87F7113,Product: STR,143.52
INV_5054,4,5,1041,03-09-21 17:45,,DCAF192F,LTL,487.28
INV_5055,2,4,1033,03-09-21 17:46,,1F1E5E71,STR,387.35
Ext. Vendor,1,9,853,03-09-21 17:48,,FB167849,Product: STR,466.5
INV_5056,1,6,140,03-09-21 17:49,,C2BA5FC7,3PC,157.46
Asset Application,2,6,894,03-09-21 17:51,,6743A7E9,STR,307.5
ASSET APPLICATION,3,3,323,03-09-21 17:52,,BB57A84E,Third Party Contract                     ,234.91
Ext. Vendor,6,4,516,03-09-21 17:54,,7A87CE29,Product: STR,295.68
Asset Application,4,7,249,03-09-21 17:55,,FB167849,Third   Party Contract,349.29
INV_5057,3,1,1039,03-09-21 17:57,03-10-21 10:45,6743A7E9,LTL,8.88
External Vendor,3,8,419,03-09-21 17:58,,FB167849,Product: 3PC,49.68
Asset Application,6,6,112,03-09-21 17:59,,1F1E5E71,Lont Term Lease                   ,137.08
External Vendor,2,1,1014,03-09-21 18:01,,1F1E5E71,Product: STR,476.22
Asset Application,2,8,606,03-09-21 18:02,03-10-21 20:26,7A87CE29,Third Party Contract                     ,407.27
INV_5058,4,4,282,03-09-21 18:04,,7A87CE29,STR,19.73
ASSET APPLICATION,4,3,649,03-09-21 18:05,,C2BA5FC7,Third   Party Contract,262.03
Ext. Vendor,5,6,769,03-09-21 18:07,,7A87CE29,Product: STR,294.79
ASSET APPLICATION,3,2,775,03-09-21 18:08,,A87F7113,Lont Term Lease,364.63
INV_5059,1,8,278,03-09-21 18:10,,744D4C52,STR,213.39
Asset Application,3,7,1064,03-09-21 18:11,,A87F7113,ShortTermRental,327.53
Ext. Vendor,4,8,1077,03-09-21 18:12,,7D3375FE,Product: STR,431.47
ASSET APPLICATION,1,8,1034,03-09-21 18:14,,6743A7E9,Third   Party Contract,79.92
Ext. Vendor,4,7,528,03-09-21 18:15,,C2BA5FC7,Product: 3PC,442.75
INV_5060,5,3,839,03-09-21 18:17,04-10-21 20:41,6743A7E9,LTL,167.38
Ext. Vendor,3,4,876,03-09-21 18:18,04-10-21 23:06,BB57A84E,Product: 3PC,454.17
INV_5061,1,8,616,03-09-21 18:20,05-10-21 01:32,7D3375FE,LTL,68.4
Ext. Vendor,1,7,879,03-09-21 18:21,,FB167849,Product: 3PC,83.33
Ext. Vendor,5,6,708,03-09-21 18:22,,744D4C52,Product: STR,323.79
INV_5062,1,6,987,03-09-21 18:24,,C2BA5FC7,STR,172.81
Ext. Vendor,5,7,239,03-09-21 18:25,,DCAF192F,Product: LTL,356.37
Asset Application,4,2,526,03-09-21 18:27,,BB57A84E,Lont Term Lease,179.17
Ext. Vendor,4,9,523,03-09-21 18:28,,7A87CE29,Product: STR,248.38
Asset Application,6,3,395,03-09-21 18:30,,6743A7E9,LONT TERM LEASE,478.39
External Vendor,3,8,237,03-09-21 18:31,05-10-21 20:55,FB167849,Product: STR,209.34
Asset Application,3,3,382,03-09-21 18:33,,1F1E5E71,LTL,336.19
ASSET APPLICATION,4,4,126,03-09-21 18:34,,DCAF192F,Short Term Rental,91.47
INV_5063,3,6,378,03-09-21 18:35,,DCAF192F,3PC,131.88
External Vendor,1,1,664,03-09-21 18:37,06-10-21 06:37,A87F7113,Product: 3PC,19.65
Asset Application,2,4,378,03-09-21 18:38,06-10-21 09:02,DCAF192F,Third Party Contract,27.01
External Vendor,3,5,237,03-09-21 18:40,,A87F7113,Product: STR,291.1
ASSET APPLICATION,1,9,1091,03-09-21 18:41,06-10-21 13:53,BB57A84E,LONT TERM LEASE,192.4
Asset Application,1,5,290,03-09-21 18:43,06-10-21 16:19,C2BA5FC7,str,398.5
Asset Application,6,9,491,03-09-21 18:44,,BB57A84E,third party contract,387.62
Ext. Vendor,1,2,329,03-09-21 18:46,06-10-21 21:10,FB167849,Product: 3PC,409.39
External Vendor,6,8,743,03-09-21 18:47,,C2BA5FC7,Product: 3PC,227.93
INV_5064,1,7,213,03-09-21 18:48,,C2BA5FC7,STR,16.24
External Vendor,5,6,724,03-09-21 18:50,07-10-21 04:26,7A87CE29,Product: 3PC,277.76
Asset Application,6,1,881,03-09-21 18:51,,7A87CE29,3PC,140.4
Ext. Vendor,4,2,813,03-09-21 18:53,,C2BA5FC7,Product: STR,441.03
ASSET APPLICATION,6,7,829,03-09-21 18:54,07-10-21 11:42,DCAF192F,Lont Term Lease,498.91
External Vendor,4,4,710,03-09-21 18:56,07-10-21 14:08,A87F7113,Product: 3PC,39.59
INV_5065,3,7,474,03-09-21 18:57,,744D4C52,3PC,321.55
Ext. Vendor,1,8,326,03-09-21 18:58,07-10-21 18:58,FB167849,Product: 3PC,197.36
Asset Application,2,6,597,03-09-21 19:00,,7D3375FE,LontTermLease,98.89
INV_5066,3,9,244,03-09-21 19:01,07-10-21 23:49,BB57A84E,STR,235.32
External Vendor,6,6,163,03-09-21 19:03,,6743A7E9,Product: 3PC,313.26
Asset Application,2,5,352,03-09-21 19:04,08-10-21 04:40,7A87CE29,third party contract,264.65
Ext. Vendor,5,4,815,03-09-21 19:06,,A87F7113,Product: 3PC,441.69
Asset Application,4,9,225,03-09-21 19:07,08-10-21 09:31,BB57A84E,ThirdPartyContract,438.27
External Vendor,2,5,893,03-09-21 19:09,,A87F7113,Product: STR,60.89
External Vendor,5,6,918,03-09-21 19:10,08-10-21 14:22,BB57A84E,Product: LTL,233.18
Ext. Vendor,3,6,876,03-09-21 19:11,,DCAF192F,Product: LTL,161.62
Asset Application,5,3,341,03-09-21 19:13,,C2BA5FC7,3PC,178.2
Asset Application,5,2,127,03-09-21 19:14,,C2BA5FC7,SHORT TERM RENTAL,466.6
ASSET APPLICATION,6,1,552,03-09-21 19:16,,1F1E5E71,LONT TERM LEASE,335.26
Ext. Vendor,5,8,524,03-09-21 19:17,,7A87CE29,Product: 3PC,467.09
INV_5067,6,6,897,03-09-21 19:19,,DCAF192F,LTL,59.61
ASSET APPLICATION,2,7,1092,03-09-21 19:20,,C2BA5FC7,Lont Term Lease                   ,496.96
ASSET APPLICATION,6,5,1042,03-09-21 19:22,,7A87CE29,SHORT TERM RENTAL,116.3
INV_5068,6,8,427,03-09-21 19:23,,1F1E5E71,3PC,293.32
Ext. Vendor,1,8,863,03-09-21 19:24,,744D4C52,Product: STR,471.05
Asset Application,4,9,455,03-09-21 19:26,,1F1E5E71,SHORT TERM RENTAL,58.73
External Vendor,3,2,724,03-09-21 19:27,,1F1E5E71,Product: STR,10.64
Ext. Vendor,2,2,179,03-09-21 19:29,,1F1E5E71,Product: STR,384.61
Asset Application,3,2,868,03-09-21 19:30,,FB167849,LONT TERM LEASE,362.05
ASSET APPLICATION,3,2,212,03-09-21 19:32,,FB167849,SHORT TERM RENTAL,57.4
Ext. Vendor,2,1,409,03-09-21 19:33,,DCAF192F,Product: 3PC,242.01
INV_5069,3,2,256,03-09-21 19:34,,BB57A84E,STR,455.53
INV_5070,5,4,537,03-09-21 19:36,,FB167849,STR,330.65
Ext. Vendor,5,9,827,03-09-21 19:37,10-10-21 12:25,744D4C52,Product: LTL,178.9
External Vendor,3,7,725,03-09-21 19:39,,DCAF192F,Product: LTL,134.13
INV_5071,6,2,173,03-09-21 19:40,,A87F7113,LTL,381.03
INV_5072,1,4,135,03-09-21 19:42,10-10-21 19:42,DCAF192F,3PC,96.23
INV_5073,4,8,126,03-09-21 19:43,,BB57A84E,3PC,481.48
ASSET APPLICATION,5,5,834,03-09-21 19:45,,C2BA5FC7,short term rental,16.61
Asset Application,5,9,754,03-09-21 19:46,,6743A7E9,3pm,146.97
External Vendor,6,8,666,03-09-21 19:47,,7A87CE29,Product: STR,22.62
INV_5074,2,2,663,03-09-21 19:49,,A87F7113,3PC,160.75
ASSET APPLICATION,1,9,656,03-09-21 19:50,11-10-21 10:14,DCAF192F,LTL,404.62
ASSET APPLICATION,2,2,489,03-09-21 19:52,,DCAF192F,LONT TERM LEASE,133.69
ASSET APPLICATION,4,7,780,03-09-21 19:53,11-10-21 15:05,FB167849,Third   Party Contract,344.28
ASSET APPLICATION,6,5,686,03-09-21 19:55,,744D4C52,STR,419.45
Asset Application,6,5,453,03-09-21 19:56,,FB167849,LONT TERM LEASE,244.22
External Vendor,2,3,928,03-09-21 19:58,,BB57A84E,Product: LTL,66.88
ASSET APPLICATION,5,6,285,03-09-21 19:59,,1F1E5E71,3PC,491.68
Ext. Vendor,1,3,326,03-09-21 20:00,,C2BA5FC7,Product: 3PC,389.79
Ext. Vendor,3,2,727,03-09-21 20:02,,FB167849,Product: LTL,466.77
INV_5075,5,1,749,03-09-21 20:03,,DCAF192F,3PC,172.84
INV_5076,2,3,165,03-09-21 20:05,12-10-21 10:29,DCAF192F,3PC,160.12
Asset Application,3,2,484,03-09-21 20:06,,DCAF192F,short term rental,67.98
External Vendor,4,3,860,03-09-21 20:08,,744D4C52,Product: LTL,423.62
Asset Application,6,6,702,03-09-21 20:09,,7D3375FE,STR,2.85
Asset Application,2,6,818,03-09-21 20:10,,1F1E5E71,short term rental,458.36
Asset Application,2,4,181,03-09-21 20:12,12-10-21 22:36,BB57A84E,STR,52.73
Asset Application,3,3,594,03-09-21 20:13,,6743A7E9,third party contract,181.67
External Vendor,4,2,227,03-09-21 20:15,13-10-21 03:27,744D4C52,Product: LTL,264.48
Ext. Vendor,3,6,956,03-09-21 20:16,13-10-21 05:52,BB57A84E,Product: STR,332.59
ASSET APPLICATION,6,7,974,03-09-21 20:18,,7D3375FE,ShortTermRental,139.11
ASSET APPLICATION,2,7,770,03-09-21 20:19,,1F1E5E71,SHORT TERM RENTAL,113.68
Ext. Vendor,1,9,490,03-09-21 20:21,,A87F7113,Product: STR,175.41
INV_5077,5,7,272,03-09-21 20:22,13-10-21 15:34,FB167849,STR,316.83
External Vendor,2,4,646,03-09-21 20:23,13-10-21 17:59,1F1E5E71,Product: LTL,232.54
ASSET APPLICATION,3,4,262,03-09-21 20:25,13-10-21 20:25,FB167849,Third Party Contract                     ,182.87
INV_5078,4,1,730,03-09-21 20:26,,BB57A84E,3PC,41.67
External Vendor,1,1,790,03-09-21 20:28,,A87F7113,Product: STR,224.2
Ext. Vendor,5,2,261,03-09-21 20:29,,744D4C52,Product: LTL,420.54
External Vendor,3,8,969,03-09-21 20:31,14-10-21 06:07,A87F7113,Product: LTL,69.96
Ext. Vendor,4,4,1085,03-09-21 20:32,,6743A7E9,Product: LTL,79.17
Ext. Vendor,2,7,293,03-09-21 20:34,,1F1E5E71,Product: STR,137.39
INV_5079,3,7,490,03-09-21 20:35,,FB167849,STR,42.17
Asset Application,2,9,1018,03-09-21 20:36,14-10-21 15:48,A87F7113,SHORT TERM RENTAL,60.62
External Vendor,2,9,974,03-09-21 20:38,14-10-21 18:14,A87F7113,Product: LTL,291.8
External Vendor,6,7,863,03-09-21 20:39,14-10-21 20:39,6743A7E9,Product: STR,384.2
External Vendor,1,7,791,03-09-21 20:41,,7A87CE29,Product: STR,135.1
INV_5080,1,9,1083,03-09-21 20:42,,DCAF192F,3PC,459.74
Ext. Vendor,5,1,465,03-09-21 20:44,15-10-21 03:56,744D4C52,Product: STR,376.99
Asset Application,3,5,716,03-09-21 20:45,,1F1E5E71,str,382.29
External Vendor,2,1,668,03-09-21 20:46,15-10-21 08:46,DCAF192F,Product: STR,185.22
INV_5081,3,8,359,03-09-21 20:48,,1F1E5E71,STR,119.37
Ext. Vendor,1,2,862,03-09-21 20:49,,6743A7E9,Product: 3PC,450.69
ASSET APPLICATION,2,6,812,03-09-21 20:51,15-10-21 16:03,744D4C52,ThirdPartyContract,239.89
Asset Application,5,9,469,03-09-21 20:52,15-10-21 18:28,6743A7E9,short term rental,93.98
ASSET APPLICATION,3,4,1058,03-09-21 20:54,15-10-21 20:54,1F1E5E71,Lont Term Lease,379.41
ASSET APPLICATION,3,6,148,03-09-21 20:55,,DCAF192F,Short Term   Rental,322.34
INV_5082,5,4,980,03-09-21 20:57,,A87F7113,LTL,275.13
INV_5083,2,2,230,03-09-21 20:58,,1F1E5E71,STR,28.53
INV_5084,1,5,412,03-09-21 20:59,,FB167849,LTL,58.37
Ext. Vendor,6,1,881,03-09-21 21:01,,1F1E5E71,Product: LTL,407.61
INV_5085,6,9,489,03-09-21 21:02,16-10-21 11:26,7D3375FE,STR,299.93
Ext. Vendor,2,8,724,03-09-21 21:04,,DCAF192F,Product: LTL,256.12
ASSET APPLICATION,6,6,448,03-09-21 21:05,16-10-21 16:17,6743A7E9,lont term lease,147.01
ASSET APPLICATION,2,1,1067,03-09-21 21:07,16-10-21 18:43,BB57A84E,Third Party Contract                     ,57.32
Ext. Vendor,2,2,703,03-09-21 21:08,16-10-21 21:08,7A87CE29,Product: STR,462.14
ASSET APPLICATION,3,9,946,03-09-21 21:10,16-10-21 23:34,6743A7E9,Lont Term Lease,300.82
Asset Application,3,7,239,03-09-21 21:11,,744D4C52,LONT TERM LEASE,194.51
Asset Application,2,7,436,03-09-21 21:12,,BB57A84E,3pm,101.14
INV_5086,6,7,829,03-09-21 21:14,,6743A7E9,STR,119.13
External Vendor,3,9,788,03-09-21 21:15,17-10-21 09:15,C2BA5FC7,Product: STR,25.65
INV_5087,4,2,458,03-09-21 21:17,,744D4C52,3PC,284.81
INV_5088,5,7,1094,03-09-21 21:18,,A87F7113,STR,480.08
Ext. Vendor,5,3,372,03-09-21 21:20,,744D4C52,Product: LTL,192.38
Asset Application,4,7,773,03-09-21 21:21,,7A87CE29,third party contract,287.56
Asset Application,5,1,121,03-09-21 21:22,17-10-21 21:22,BB57A84E,str,365.96
INV_5089,6,3,861,03-09-21 21:24,,7D3375FE,3PC,294.55
INV_5090,2,3,411,03-09-21 21:25,,6743A7E9,3PC,70.51
ASSET APPLICATION,5,6,334,03-09-21 21:27,,7A87CE29,LONT TERM LEASE,213.28
ASSET APPLICATION,4,1,568,03-09-21 21:28,,FB167849,Short Term   Rental,25.31
Ext. Vendor,4,1,1026,03-09-21 21:30,18-10-21 09:30,6743A7E9,Product: STR,309.71
External Vendor,4,2,656,03-09-21 21:31,18-10-21 11:55,6743A7E9,Product: STR,1.13
Ext. Vendor,3,5,265,03-09-21 21:33,18-10-21 14:21,1F1E5E71,Product: STR,256.13
INV_5091,2,6,359,03-09-21 21:34,,C2BA5FC7,STR,70.7
External Vendor,1,8,344,03-09-21 21:35,,FB167849,Product: STR,147.96
Asset Application,3,6,786,03-09-21 21:37,18-10-21 21:37,A87F7113,Short Term Rental               ,182.55
External Vendor,1,2,879,03-09-21 21:38,,FB167849,Product: STR,319.15
ASSET APPLICATION,5,9,159,03-09-21 21:40,,1F1E5E71,Lont Term Lease                   ,64.35
External Vendor,6,5,901,03-09-21 21:41,,DCAF192F,Product: LTL,414.12
Ext. Vendor,3,8,125,03-09-21 21:43,,6743A7E9,Product: 3PC,11.76
External Vendor,6,3,134,03-09-21 21:44,19-10-21 09:44,744D4C52,Product: 3PC,223.05
INV_5092,5,5,1078,03-09-21 21:46,,DCAF192F,LTL,16.14
Asset Application,1,4,325,03-09-21 21:47,19-10-21 14:35,1F1E5E71,lont term lease,200.86
Ext. Vendor,5,3,928,03-09-21 21:48,,C2BA5FC7,Product: LTL,25.06
INV_5093,3,6,481,03-09-21 21:50,,7A87CE29,STR,60.95
INV_5094,3,8,235,03-09-21 21:51,19-10-21 21:51,A87F7113,LTL,51.33
External Vendor,5,7,582,03-09-21 21:53,,744D4C52,Product: LTL,463.42
External Vendor,4,4,289,03-09-21 21:54,20-10-21 02:42,1F1E5E71,Product: STR,115.27
Asset Application,4,1,425,03-09-21 21:56,,BB57A84E,Third Party Contract                     ,320.66
Ext. Vendor,2,2,916,03-09-21 21:57,,1F1E5E71,Product: 3PC,62.56
Asset Application,5,8,326,03-09-21 21:58,,7D3375FE,SHORT TERM RENTAL,173.83
Asset Application,1,2,354,03-09-21 22:00,20-10-21 12:24,7A87CE29,STR,283.87
Asset Application,3,3,967,03-09-21 22:01,,6743A7E9,THIRD PARTY CONTRACT,222.72
External Vendor,6,8,168,03-09-21 22:03,20-10-21 17:15,1F1E5E71,Product: 3PC,446.86
Asset Application,3,4,796,03-09-21 22:04,,7D3375FE,Third Party Contract                     ,179.9
Ext. Vendor,1,4,601,03-09-21 22:06,,FB167849,Product: STR,50.85
External Vendor,1,8,160,03-09-21 22:07,,1F1E5E71,Product: 3PC,129.64
Ext. Vendor,2,2,141,03-09-21 22:09,,DCAF192F,Product: LTL,434.05
ASSET APPLICATION,3,3,463,03-09-21 22:10,,A87F7113,3pm,27.1
External Vendor,3,2,689,03-09-21 22:11,,7D3375FE,Product: LTL,444.99
INV_5095,1,4,251,03-09-21 22:13,,A87F7113,STR,484.65
Ext. Vendor,6,8,118,03-09-21 22:14,,A87F7113,Product: 3PC,314.77
Ext. Vendor,4,6,166,03-09-21 22:16,,6743A7E9,Product: 3PC,231.94
Ext. Vendor,3,8,996,03-09-21 22:17,21-10-21 17:29,1F1E5E71,Product: LTL,176.12
External Vendor,6,8,660,03-09-21 22:19,,7D3375FE,Product: LTL,23.04
Ext. Vendor,5,6,965,03-09-21 22:20,,6743A7E9,Product: 3PC,459.58
Ext. Vendor,3,4,909,03-09-21 22:22,,DCAF192F,Product: STR,39.65
INV_5096,4,2,823,03-09-21 22:23,,744D4C52,STR,327.1
INV_5097,5,7,559,03-09-21 22:24,,C2BA5FC7,STR,146.13
Ext. Vendor,3,3,181,03-09-21 22:26,,DCAF192F,Product: LTL,461.37
INV_5098,3,8,924,03-09-21 22:27,,DCAF192F,STR,417.39
Asset Application,6,5,574,03-09-21 22:29,22-10-21 12:53,7D3375FE,LONT TERM LEASE,292.59
INV_5099,3,9,477,03-09-21 22:30,,7D3375FE,3PC,385.75
Asset Application,2,8,461,03-09-21 22:32,22-10-21 17:44,BB57A84E,Short Term Rental               ,152.75
INV_5100,1,1,993,03-09-21 22:33,22-10-21 20:09,7A87CE29,STR,409.18
External Vendor,6,3,343,03-09-21 22:34,,744D4C52,Product: 3PC,398.03
INV_5101,2,5,999,03-09-21 22:36,,1F1E5E71,STR,36.01
External Vendor,1,3,483,03-09-21 22:37,,FB167849,Product: LTL,486.95
Asset Application,1,9,764,03-09-21 22:39,,7D3375FE,ShortTermRental,89.32
ASSET APPLICATION,1,6,1024,03-09-21 22:40,,FB167849,Lont Term Lease,350.68
ASSET APPLICATION,5,7,246,03-09-21 22:42,,1F1E5E71,LTL,108.96
Ext. Vendor,2,4,1097,03-09-21 22:43,,FB167849,Product: LTL,493.51
Ext. Vendor,4,3,857,03-09-21 22:45,,1F1E5E71,Product: LTL,354.14
External Vendor,4,1,528,03-09-21 22:46,,DCAF192F,Product: LTL,413.04
Ext. Vendor,4,4,628,03-09-21 22:47,,DCAF192F,Product: LTL,208.5
INV_5102,1,6,133,03-09-21 22:49,,A87F7113,LTL,227.22
ASSET APPLICATION,5,3,1073,03-09-21 22:50,,C2BA5FC7,short term rental,333.79
INV_5103,5,9,355,03-09-21 22:52,,FB167849,STR,490.33
Asset Application,3,9,695,03-09-21 22:53,24-10-21 06:05,744D4C52,LontTermLease,379.47
Asset Application,1,6,889,03-09-21 22:55,,7A87CE29,Lont Term   Lease,81.51
Asset Application,6,4,409,03-09-21 22:56,24-10-21 10:56,7D3375FE,third party contract,16.22
ASSET APPLICATION,6,1,640,03-09-21 22:58,,A87F7113,Short Term Rental               ,147.39
INV_5104,5,3,1082,03-09-21 22:59,24-10-21 15:47,744D4C52,STR,499.54
ASSET APPLICATION,4,7,676,03-09-21 23:00,,6743A7E9,Short Term   Rental,457.42
Ext. Vendor,2,6,621,03-09-21 23:02,24-10-21 20:38,1F1E5E71,Product: 3PC,405.58
Asset Application,1,5,634,03-09-21 23:03,,FB167849,Third Party Contract,286.85
Asset Application,1,3,452,03-09-21 23:05,,7A87CE29,str,0.7
Ext. Vendor,1,4,130,03-09-21 23:06,25-10-21 03:54,7D3375FE,Product: LTL,302.37
External Vendor,5,7,530,03-09-21 23:08,25-10-21 06:20,C2BA5FC7,Product: STR,436.8
ASSET APPLICATION,4,3,731,03-09-21 23:09,,6743A7E9,third party contract,437.08
INV_5105,4,6,774,03-09-21 23:10,25-10-21 11:10,DCAF192F,3PC,231.37
Ext. Vendor,3,2,504,03-09-21 23:12,25-10-21 13:36,6743A7E9,Product: STR,278.39
External Vendor,5,3,816,03-09-21 23:13,,7D3375FE,Product: STR,306.48
Asset Application,3,1,453,03-09-21 23:15,,7D3375FE,STR,102.78
ASSET APPLICATION,3,5,1034,03-09-21 23:16,25-10-21 20:52,7D3375FE,ShortTermRental,445.08
INV_5106,6,6,332,03-09-21 23:18,,BB57A84E,STR,428.32
INV_5107,6,3,113,03-09-21 23:19,,C2BA5FC7,STR,22.55
INV_5108,5,4,218,03-09-21 23:21,26-10-21 04:09,A87F7113,LTL,224.22
INV_5109,1,1,345,03-09-21 23:22,,7A87CE29,STR,406.57
Ext. Vendor,1,6,549,03-09-21 23:23,,A87F7113,Product: STR,98.97
Asset Application,2,1,531,03-09-21 23:25,,744D4C52,short term rental,140.46
INV_5110,3,7,162,03-09-21 23:26,,6743A7E9,LTL,429.9
Asset Application,4,9,596,03-09-21 23:28,,7A87CE29,Third Party Contract,135.94
Ext. Vendor,3,8,448,03-09-21 23:29,,744D4C52,Product: 3PC,429.07
INV_5111,1,4,198,03-09-21 23:31,,DCAF192F,STR,316.32
INV_5112,2,9,563,03-09-21 23:32,26-10-21 23:32,BB57A84E,3PC,22.97
Ext. Vendor,2,7,479,03-09-21 23:34,,744D4C52,Product: 3PC,277.24
External Vendor,4,2,393,03-09-21 23:35,27-10-21 04:23,DCAF192F,Product: STR,470.88
Ext. Vendor,3,9,381,03-09-21 23:36,,7A87CE29,Product: LTL,10.92
INV_5113,4,1,961,03-09-21 23:38,,744D4C52,STR,223.51
ASSET APPLICATION,4,7,420,03-09-21 23:39,,C2BA5FC7,THIRD PARTY CONTRACT,350.35
External Vendor,3,5,796,03-09-21 23:41,,1F1E5E71,Product: STR,33.68
ASSET APPLICATION,5,7,870,03-09-21 23:42,27-10-21 16:30,DCAF192F,ShortTermRental,152.98
Asset Application,2,4,1004,03-09-21 23:44,,A87F7113,ltl,234.37
Asset Application,5,7,796,03-09-21 23:45,27-10-21 21:21,1F1E5E71,LontTermLease,274.97
External Vendor,1,3,258,03-09-21 23:46,,BB57A84E,Product: LTL,127.58
ASSET APPLICATION,4,7,344,03-09-21 23:48,28-10-21 02:12,FB167849,ShortTermRental,142.87
Asset Application,4,2,1057,03-09-21 23:49,28-10-21 04:37,6743A7E9,THIRD PARTY CONTRACT,138.58
Asset Application,3,8,593,03-09-21 23:51,,7D3375FE,Lont Term Lease                   ,415.57
ASSET APPLICATION,2,7,623,03-09-21 23:52,28-10-21 09:28,1F1E5E71,SHORT TERM RENTAL,22.35
Asset Application,1,9,206,03-09-21 23:54,,C2BA5FC7,LTL,359.84
ASSET APPLICATION,6,3,831,03-09-21 23:55,,1F1E5E71,STR,145.73
ASSET APPLICATION,3,3,867,03-09-21 23:57,,744D4C52,STR,341.51
Asset Application,1,8,654,03-09-21 23:58,28-10-21 19:10,FB167849,short term rental,149.64
INV_5114,1,7,735,03-09-21 23:59,,FB167849,LTL,263.83
Ext. Vendor,4,1,949,04-09-21 00:01,,C2BA5FC7,Product: 3PC,458.1
ASSET APPLICATION,1,7,407,04-09-21 00:02,,6743A7E9,LTL,189.84
Asset Application,4,9,905,04-09-21 00:04,29-10-21 04:52,DCAF192F,3pm,97.95
Ext. Vendor,5,3,908,04-09-21 00:05,,7A87CE29,Product: LTL,114.37
Asset Application,6,3,1075,04-09-21 00:07,29-10-21 09:43,744D4C52,STR,185.91
Asset Application,6,8,712,04-09-21 00:08,29-10-21 12:08,FB167849,ShortTermRental,252.62
ASSET APPLICATION,6,6,801,04-09-21 00:10,,C2BA5FC7,Third Party Contract,494.74
External Vendor,1,4,244,04-09-21 00:11,,A87F7113,Product: 3PC,311
External Vendor,5,9,517,04-09-21 00:12,,6743A7E9,Product: LTL,40.23
Ext. Vendor,1,4,1075,04-09-21 00:14,,7A87CE29,Product: STR,6.83
Asset Application,1,6,1040,04-09-21 00:15,,744D4C52,SHORT TERM RENTAL,238.95
External Vendor,1,2,378,04-09-21 00:17,,A87F7113,Product: LTL,111.87
INV_5115,1,9,596,04-09-21 00:18,30-10-21 05:06,6743A7E9,STR,378.99
INV_5116,4,8,649,04-09-21 00:20,30-10-21 07:32,DCAF192F,LTL,241.27
Ext. Vendor,2,1,326,04-09-21 00:21,,DCAF192F,Product: 3PC,82.89
INV_5117,4,9,943,04-09-21 00:22,,C2BA5FC7,STR,486.27
INV_5118,4,8,950,04-09-21 00:24,,7A87CE29,STR,288.6
ASSET APPLICATION,5,2,1011,04-09-21 00:25,,C2BA5FC7,Third Party Contract                     ,259.24
External Vendor,3,2,863,04-09-21 00:27,,6743A7E9,Product: 3PC,45.64
Ext. Vendor,6,2,593,04-09-21 00:28,,FB167849,Product: STR,256.31
INV_5119,2,1,897,04-09-21 00:30,31-10-21 00:30,7A87CE29,3PC,259.02
INV_5120,6,6,949,04-09-21 00:31,,C2BA5FC7,LTL,231.91
Asset Application,5,5,331,04-09-21 00:33,,744D4C52,ShortTermRental,123.18
Ext. Vendor,4,2,667,04-09-21 00:34,31-10-21 07:46,DCAF192F,Product: STR,329.54
ASSET APPLICATION,6,6,140,04-09-21 00:35,,BB57A84E,Lont Term Lease                   ,397.17
INV_5121,6,2,674,04-09-21 00:37,31-10-21 12:37,DCAF192F,LTL,180
Asset Application,6,9,1083,04-09-21 00:38,,A87F7113,Lont Term Lease                   ,429.14
INV_5122,2,2,952,04-09-21 00:40,,FB167849,STR,27.89
Asset Application,4,4,1052,04-09-21 00:41,31-10-21 19:53,A87F7113,third party contract,236.78
INV_5123,6,7,1085,04-09-21 00:43,,C2BA5FC7,STR,144.8
Asset Application,1,1,1011,04-09-21 00:44,,BB57A84E,3pm,207.11
ASSET APPLICATION,2,5,308,04-09-21 00:46,,7D3375FE,short term rental,118.5
ASSET APPLICATION,6,4,568,04-09-21 00:47,01-11-21 05:35,BB57A84E,Short Term Rental,422.41
Ext. Vendor,1,8,325,04-09-21 00:48,01-11-21 08:00,1F1E5E71,Product: LTL,53.09
Ext. Vendor,3,4,239,04-09-21 00:50,,744D4C52,Product: STR,188.01
Asset Application,2,6,698,04-09-21 00:51,01-11-21 12:51,C2BA5FC7,Short Term Rental,313.76
External Vendor,1,1,983,04-09-21 00:53,01-11-21 15:17,BB57A84E,Product: 3PC,311.41
ASSET APPLICATION,6,7,458,04-09-21 00:54,,DCAF192F,THIRD PARTY CONTRACT,228.92
ASSET APPLICATION,3,8,752,04-09-21 00:56,,744D4C52,Lont Term Lease,364.9
External Vendor,3,5,255,04-09-21 00:57,,C2BA5FC7,Product: 3PC,41.24
Asset Application,6,3,958,04-09-21 00:58,,A87F7113,ThirdPartyContract,282.34
ASSET APPLICATION,5,2,171,04-09-21 01:00,,DCAF192F,THIRD PARTY CONTRACT,195.06
Ext. Vendor,6,8,874,04-09-21 01:01,,C2BA5FC7,Product: 3PC,291.04
Ext. Vendor,6,4,280,04-09-21 01:03,02-11-21 08:15,FB167849,Product: STR,238.63
Asset Application,6,7,786,04-09-21 01:04,02-11-21 10:40,1F1E5E71,LTL,155.92
Asset Application,6,7,851,04-09-21 01:06,,FB167849,LontTermLease,399.89
ASSET APPLICATION,6,7,678,04-09-21 01:07,02-11-21 15:31,7A87CE29,Lont Term Lease                   ,267.12
INV_5124,2,2,655,04-09-21 01:09,,FB167849,STR,94.48
Ext. Vendor,6,5,574,04-09-21 01:10,02-11-21 20:22,7A87CE29,Product: LTL,316.64
INV_5125,1,9,1079,04-09-21 01:11,,6743A7E9,LTL,34.13
INV_5126,4,2,946,04-09-21 01:13,,A87F7113,LTL,419.81
INV_5127,1,9,472,04-09-21 01:14,,1F1E5E71,3PC,296.52
Asset Application,2,5,528,04-09-21 01:16,,7A87CE29,short term rental,421.48
ASSET APPLICATION,1,5,491,04-09-21 01:17,,744D4C52,Short Term Rental,114.58
Ext. Vendor,3,9,992,04-09-21 01:19,03-11-21 10:55,A87F7113,Product: STR,79.71
ASSET APPLICATION,2,3,587,04-09-21 01:20,,A87F7113,Third Party Contract                     ,50.86
Asset Application,5,7,153,04-09-21 01:22,,7A87CE29,Short Term Rental,370.12
External Vendor,5,8,239,04-09-21 01:23,,DCAF192F,Product: 3PC,371.11
Ext. Vendor,1,7,805,04-09-21 01:24,,6743A7E9,Product: STR,187.37
ASSET APPLICATION,3,9,1073,04-09-21 01:26,03-11-21 23:02,DCAF192F,Third Party Contract,187.62
External Vendor,2,9,466,04-09-21 01:27,04-11-21 01:27,7D3375FE,Product: 3PC,116.84
External Vendor,5,6,704,04-09-21 01:29,,6743A7E9,Product: 3PC,422.28
INV_5128,1,2,534,04-09-21 01:30,,BB57A84E,STR,220.78
INV_5129,2,1,389,04-09-21 01:32,,BB57A84E,STR,117.3
External Vendor,3,3,890,04-09-21 01:33,,A87F7113,Product: LTL,31.17
Ext. Vendor,3,8,800,04-09-21 01:34,04-11-21 13:34,744D4C52,Product: LTL,394.56
Asset Application,6,6,190,04-09-21 01:36,,7D3375FE,STR,406.32
ASSET APPLICATION,4,7,472,04-09-21 01:37,,7D3375FE,Third   Party Contract,204.07
INV_5130,3,6,376,04-09-21 01:39,,BB57A84E,STR,494.85
Asset Application,4,2,626,04-09-21 01:40,04-11-21 23:16,7A87CE29,Lont Term Lease                   ,382.46
ASSET APPLICATION,5,7,675,04-09-21 01:42,05-11-21 01:42,7D3375FE,Lont Term Lease,394.45
Asset Application,5,6,1057,04-09-21 01:43,,A87F7113,Short Term   Rental,39.61
ASSET APPLICATION,2,3,1005,04-09-21 01:45,05-11-21 06:33,7A87CE29,STR,12.38
Asset Application,3,3,407,04-09-21 01:46,,7A87CE29,Short Term Rental,132.4
Asset Application,3,9,518,04-09-21 01:47,,6743A7E9,Third   Party Contract,62.27
INV_5131,6,3,702,04-09-21 01:49,,744D4C52,3PC,467.92
INV_5132,2,9,312,04-09-21 01:50,,A87F7113,STR,354.89
ASSET APPLICATION,1,4,135,04-09-21 01:52,05-11-21 18:40,7D3375FE,Lont Term   Lease,68.95
ASSET APPLICATION,4,6,316,04-09-21 01:53,05-11-21 21:05,744D4C52,short term rental,65.15
ASSET APPLICATION,6,8,980,04-09-21 01:55,,7D3375FE,THIRD PARTY CONTRACT,289.97
INV_5133,6,6,762,04-09-21 01:56,06-11-21 01:56,DCAF192F,STR,435.46
Ext. Vendor,1,6,755,04-09-21 01:58,,1F1E5E71,Product: 3PC,213.01
INV_5134,3,8,864,04-09-21 01:59,,744D4C52,STR,353
Ext. Vendor,1,5,796,04-09-21 02:00,,BB57A84E,Product: STR,279.98
Ext. Vendor,1,7,1012,04-09-21 02:02,,744D4C52,Product: LTL,342.95
Asset Application,4,7,779,04-09-21 02:03,,BB57A84E,Short Term Rental               ,234.08
INV_5135,1,4,432,04-09-21 02:05,,DCAF192F,STR,453.87
External Vendor,6,7,833,04-09-21 02:06,,1F1E5E71,Product: LTL,251.77
Asset Application,6,3,957,04-09-21 02:08,,A87F7113,THIRD PARTY CONTRACT,436.43
ASSET APPLICATION,6,7,429,04-09-21 02:09,06-11-21 23:45,A87F7113,Lont Term   Lease,178.44
Ext. Vendor,2,4,625,04-09-21 02:10,07-11-21 02:10,A87F7113,Product: STR,307.08
INV_5136,3,8,895,04-09-21 02:12,,1F1E5E71,LTL,287.35
External Vendor,6,2,229,04-09-21 02:13,,C2BA5FC7,Product: LTL,233.66
Ext. Vendor,6,5,801,04-09-21 02:15,,744D4C52,Product: 3PC,446.34
External Vendor,1,2,711,04-09-21 02:16,,DCAF192F,Product: STR,280.69
Asset Application,4,6,595,04-09-21 02:18,07-11-21 14:18,744D4C52,Short Term Rental,49.4
INV_5137,3,5,610,04-09-21 02:19,07-11-21 16:43,FB167849,3PC,93.25
Ext. Vendor,6,8,813,04-09-21 02:21,07-11-21 19:09,744D4C52,Product: LTL,436.9
INV_5138,3,3,1095,04-09-21 02:22,,C2BA5FC7,LTL,414.55
Asset Application,5,9,657,04-09-21 02:23,,BB57A84E,THIRD PARTY CONTRACT,371.46
Asset Application,2,2,770,04-09-21 02:25,08-11-21 02:25,FB167849,3PC,28.16
Ext. Vendor,6,1,826,04-09-21 02:26,08-11-21 04:50,DCAF192F,Product: 3PC,211.55
External Vendor,5,1,647,04-09-21 02:28,,A87F7113,Product: LTL,420.84
Asset Application,6,9,920,04-09-21 02:29,,744D4C52,Short Term Rental               ,170.83
Asset Application,4,2,938,04-09-21 02:31,,C2BA5FC7,LontTermLease,364.12
INV_5139,2,5,542,04-09-21 02:32,,DCAF192F,LTL,382.76
External Vendor,2,1,859,04-09-21 02:34,,FB167849,Product: 3PC,10.09
Ext. Vendor,6,8,789,04-09-21 02:35,,A87F7113,Product: STR,169.52
ASSET APPLICATION,6,3,282,04-09-21 02:36,08-11-21 21:48,7A87CE29,Third Party Contract,266.48
ASSET APPLICATION,1,8,347,04-09-21 02:38,,7A87CE29,LONT TERM LEASE,347.87
External Vendor,1,6,504,04-09-21 02:39,,FB167849,Product: LTL,416.51
INV_5140,5,7,925,04-09-21 02:41,,7A87CE29,LTL,466.71
Asset Application,5,1,974,04-09-21 02:42,09-11-21 07:30,DCAF192F,Lont Term   Lease,107.07
ASSET APPLICATION,2,7,173,04-09-21 02:44,,DCAF192F,Third Party Contract                     ,326.12
External Vendor,1,7,1022,04-09-21 02:45,09-11-21 12:21,7D3375FE,Product: LTL,62.77
External Vendor,1,9,523,04-09-21 02:46,,FB167849,Product: STR,184.98
Ext. Vendor,3,7,1083,04-09-21 02:48,,6743A7E9,Product: 3PC,372.07
Ext. Vendor,2,5,657,04-09-21 02:49,09-11-21 19:37,BB57A84E,Product: STR,268.07
Ext. Vendor,2,4,621,04-09-21 02:51,,744D4C52,Product: LTL,300.93
External Vendor,5,6,617,04-09-21 02:52,10-11-21 00:28,DCAF192F,Product: 3PC,72.06
ASSET APPLICATION,2,8,303,04-09-21 02:54,10-11-21 02:54,FB167849,3pm,359.21
External Vendor,5,6,539,04-09-21 02:55,10-11-21 05:19,A87F7113,Product: LTL,87.53
INV_5141,5,5,666,04-09-21 02:57,,744D4C52,3PC,155.72
External Vendor,3,5,318,04-09-21 02:58,10-11-21 10:10,1F1E5E71,Product: 3PC,210.13
Asset Application,2,8,952,04-09-21 02:59,10-11-21 12:35,A87F7113,lont term lease,496.22
Asset Application,4,7,266,04-09-21 03:01,10-11-21 15:01,744D4C52,str,433.56
External Vendor,6,7,294,04-09-21 03:02,,C2BA5FC7,Product: LTL,176.67
Ext. Vendor,6,5,618,04-09-21 03:04,10-11-21 19:52,A87F7113,Product: LTL,32.05
External Vendor,5,4,803,04-09-21 03:05,,7D3375FE,Product: LTL,295.34
Ext. Vendor,5,5,971,04-09-21 03:07,,1F1E5E71,Product: 3PC,173.22
Asset Application,3,6,867,04-09-21 03:08,11-11-21 03:08,7A87CE29,ShortTermRental,137.62
INV_5142,6,7,255,04-09-21 03:10,,A87F7113,LTL,140.16
External Vendor,4,6,165,04-09-21 03:11,11-11-21 07:59,6743A7E9,Product: 3PC,233.28
ASSET APPLICATION,1,7,795,04-09-21 03:12,,1F1E5E71,3PC,150.72
Ext. Vendor,4,2,148,04-09-21 03:14,,7A87CE29,Product: 3PC,100.53
External Vendor,4,6,1087,04-09-21 03:15,,BB57A84E,Product: STR,89.84
INV_5143,1,8,1069,04-09-21 03:17,,7A87CE29,LTL,65.34
Ext. Vendor,2,2,466,04-09-21 03:18,,7D3375FE,Product: LTL,361
Asset Application,3,6,390,04-09-21 03:20,11-11-21 22:32,C2BA5FC7,Third Party Contract,227.14
Asset Application,3,9,800,04-09-21 03:21,12-11-21 00:57,DCAF192F,ThirdPartyContract,122.97
Asset Application,4,7,945,04-09-21 03:22,12-11-21 03:22,7D3375FE,Short Term Rental,316.64
Asset Application,6,2,292,04-09-21 03:24,,7D3375FE,THIRD PARTY CONTRACT,392.96
Asset Application,5,4,791,04-09-21 03:25,12-11-21 08:13,A87F7113,3PC,382.44
External Vendor,1,1,779,04-09-21 03:27,,7D3375FE,Product: STR,103.05
ASSET APPLICATION,2,4,481,04-09-21 03:28,,DCAF192F,Lont Term Lease,41.42
External Vendor,3,6,651,04-09-21 03:30,,1F1E5E71,Product: STR,195.3
Asset Application,5,3,750,04-09-21 03:31,12-11-21 17:55,744D4C52,Lont Term   Lease,474.46
ASSET APPLICATION,5,8,741,04-09-21 03:33,,7D3375FE,Lont Term Lease                   ,97.14
Ext. Vendor,5,5,872,04-09-21 03:34,,A87F7113,Product: 3PC,433.59
Ext. Vendor,3,9,213,04-09-21 03:35,13-11-21 01:11,7D3375FE,Product: LTL,477.51
Asset Application,2,1,140,04-09-21 03:37,13-11-21 03:37,C2BA5FC7,SHORT TERM RENTAL,293.96
Ext. Vendor,1,3,431,04-09-21 03:38,13-11-21 06:02,C2BA5FC7,Product: LTL,158.45
External Vendor,6,3,461,04-09-21 03:40,,BB57A84E,Product: LTL,323.68
External Vendor,4,1,407,04-09-21 03:41,13-11-21 10:53,7D3375FE,Product: 3PC,449.66
Ext. Vendor,3,5,353,04-09-21 03:43,,744D4C52,Product: LTL,294.78
ASSET APPLICATION,3,9,588,04-09-21 03:44,,7A87CE29,Third   Party Contract,225.73
INV_5144,2,8,115,04-09-21 03:46,13-11-21 18:10,1F1E5E71,3PC,395.83
External Vendor,4,8,544,04-09-21 03:47,,C2BA5FC7,Product: STR,477.04
Asset Application,4,9,293,04-09-21 03:48,,FB167849,LONT TERM LEASE,422.17
Asset Application,6,4,544,04-09-21 03:50,,BB57A84E,str,99.04
INV_5145,5,8,596,04-09-21 03:51,14-11-21 03:51,DCAF192F,3PC,248.61
External Vendor,2,6,715,04-09-21 03:53,,FB167849,Product: STR,75.54
Asset Application,1,4,1037,04-09-21 03:54,14-11-21 08:42,7A87CE29,SHORT TERM RENTAL,295.8
Ext. Vendor,3,5,1081,04-09-21 03:56,14-11-21 11:08,744D4C52,Product: STR,426.27
INV_5146,1,8,640,04-09-21 03:57,,1F1E5E71,LTL,285.96
ASSET APPLICATION,6,6,386,04-09-21 03:58,,1F1E5E71,ltl,54.85
External Vendor,4,2,645,04-09-21 04:00,,C2BA5FC7,Product: LTL,450.42
External Vendor,1,5,988,04-09-21 04:01,14-11-21 20:49,744D4C52,Product: LTL,183.21
External Vendor,2,1,531,04-09-21 04:03,,DCAF192F,Product: 3PC,236.56
Asset Application,3,1,200,04-09-21 04:04,,C2BA5FC7,Third Party Contract                     ,350.58
Ext. Vendor,1,7,511,04-09-21 04:06,,A87F7113,Product: STR,352.11
ASSET APPLICATION,5,6,490,04-09-21 04:07,15-11-21 06:31,7A87CE29,SHORT TERM RENTAL,251.08
External Vendor,1,8,195,04-09-21 04:09,,A87F7113,Product: STR,25.69
ASSET APPLICATION,1,8,353,04-09-21 04:10,15-11-21 11:22,BB57A84E,Short Term   Rental,399.48
INV_5147,2,5,852,04-09-21 04:11,,6743A7E9,3PC,153.33
Ext. Vendor,2,1,835,04-09-21 04:13,,1F1E5E71,Product: LTL,485.59
External Vendor,6,3,103,04-09-21 04:14,,744D4C52,Product: LTL,272.67
Asset Application,4,7,913,04-09-21 04:16,,1F1E5E71,str,452.02
INV_5148,2,6,1043,04-09-21 04:17,15-11-21 23:29,6743A7E9,LTL,249.24
External Vendor,6,8,852,04-09-21 04:19,,7A87CE29,Product: 3PC,18.78
Ext. Vendor,6,2,269,04-09-21 04:20,,A87F7113,Product: STR,483.52
External Vendor,3,8,233,04-09-21 04:22,,BB57A84E,Product: 3PC,115.44
INV_5149,1,2,832,04-09-21 04:23,,FB167849,STR,397.17
External Vendor,5,7,479,04-09-21 04:24,,6743A7E9,Product: STR,84.3
Ext. Vendor,1,7,713,04-09-21 04:26,,6743A7E9,Product: 3PC,385.09
INV_5150,5,4,112,04-09-21 04:27,16-11-21 16:27,A87F7113,LTL,195.27
Asset Application,6,6,335,04-09-21 04:29,,1F1E5E71,str,318.23
ASSET APPLICATION,4,5,1022,04-09-21 04:30,,1F1E5E71,lont term lease,123.58
INV_5151,2,2,571,04-09-21 04:32,,BB57A84E,LTL,114.92
Ext. Vendor,4,8,327,04-09-21 04:33,,BB57A84E,Product: LTL,356.29
ASSET APPLICATION,5,1,202,04-09-21 04:34,17-11-21 04:34,C2BA5FC7,STR,349.4
Ext. Vendor,6,3,412,04-09-21 04:36,17-11-21 07:00,7D3375FE,Product: LTL,389.4
Ext. Vendor,5,1,202,04-09-21 04:37,,C2BA5FC7,Product: 3PC,85.56
INV_5152,2,7,295,04-09-21 04:39,,744D4C52,LTL,154.89
External Vendor,4,9,846,04-09-21 04:40,17-11-21 14:16,744D4C52,Product: LTL,365.18
External Vendor,5,1,787,04-09-21 04:42,17-11-21 16:42,C2BA5FC7,Product: LTL,359.35
External Vendor,5,7,283,04-09-21 04:43,,7A87CE29,Product: STR,236.36
ASSET APPLICATION,3,3,328,04-09-21 04:45,,6743A7E9,STR,84.88
INV_5153,2,4,898,04-09-21 04:46,,DCAF192F,STR,341.93
ASSET APPLICATION,4,8,703,04-09-21 04:47,18-11-21 02:23,DCAF192F,ThirdPartyContract,277.53
Asset Application,3,5,361,04-09-21 04:49,,BB57A84E,ThirdPartyContract,32.65
External Vendor,4,1,842,04-09-21 04:50,,744D4C52,Product: 3PC,260.21
ASSET APPLICATION,4,2,136,04-09-21 04:52,,BB57A84E,lont term lease,297.81
ASSET APPLICATION,1,4,615,04-09-21 04:53,18-11-21 12:05,744D4C52,Third Party Contract                     ,1.67
ASSET APPLICATION,5,7,1047,04-09-21 04:55,18-11-21 14:31,7A87CE29,Lont Term   Lease,211.02
Asset Application,2,2,592,04-09-21 04:56,,A87F7113,3pm,272.71
External Vendor,2,1,1011,04-09-21 04:58,,744D4C52,Product: STR,25.77
Ext. Vendor,4,2,715,04-09-21 04:59,18-11-21 21:47,744D4C52,Product: 3PC,247.09
ASSET APPLICATION,3,5,674,04-09-21 05:00,,7D3375FE,Third   Party Contract,323.05
INV_5154,6,1,304,04-09-21 05:02,,A87F7113,LTL,142.08
INV_5155,1,7,471,04-09-21 05:03,,DCAF192F,3PC,278.59
Asset Application,1,7,1073,04-09-21 05:05,,7D3375FE,lont term lease,254.41
ASSET APPLICATION,3,5,1000,04-09-21 05:06,,6743A7E9,Lont Term Lease,201.22
Ext. Vendor,6,7,556,04-09-21 05:08,,DCAF192F,Product: STR,124.46
Ext. Vendor,4,6,425,04-09-21 05:09,19-11-21 14:45,A87F7113,Product: 3PC,358.4
ASSET APPLICATION,2,2,1070,04-09-21 05:10,19-11-21 17:10,7D3375FE,Lont Term   Lease,142.51
INV_5156,4,9,137,04-09-21 05:12,,BB57A84E,3PC,179.59
ASSET APPLICATION,3,5,1009,04-09-21 05:13,,A87F7113,STR,17.61
Ext. Vendor,4,7,732,04-09-21 05:15,,744D4C52,Product: STR,103.52
ASSET APPLICATION,3,5,153,04-09-21 05:16,,A87F7113,Short Term Rental,23.21
Asset Application,1,1,751,04-09-21 05:18,,744D4C52,SHORT TERM RENTAL,333.54
External Vendor,6,7,961,04-09-21 05:19,20-11-21 07:43,7D3375FE,Product: LTL,38.11
Ext. Vendor,4,7,612,04-09-21 05:21,,BB57A84E,Product: LTL,457.56
INV_5157,1,9,714,04-09-21 05:22,,A87F7113,LTL,253.56
INV_5158,1,1,540,04-09-21 05:23,20-11-21 14:59,BB57A84E,STR,393.58
ASSET APPLICATION,6,2,628,04-09-21 05:25,20-11-21 17:25,7A87CE29,Third   Party Contract,241.16
External Vendor,2,9,445,04-09-21 05:26,,FB167849,Product: STR,341.07
External Vendor,2,6,455,04-09-21 05:28,20-11-21 22:16,C2BA5FC7,Product: LTL,136.59
ASSET APPLICATION,1,3,353,04-09-21 05:29,,DCAF192F,Lont Term Lease                   ,304.03
Asset Application,2,3,891,04-09-21 05:31,,BB57A84E,3PC,437.31
ASSET APPLICATION,4,9,394,04-09-21 05:32,,C2BA5FC7,Short Term Rental,231.15
INV_5159,5,5,612,04-09-21 05:34,,FB167849,LTL,191.36
INV_5160,1,9,372,04-09-21 05:35,,744D4C52,LTL,432.16
Asset Application,3,3,166,04-09-21 05:36,,1F1E5E71,Third   Party Contract,264.96
External Vendor,2,6,441,04-09-21 05:38,21-11-21 15:14,BB57A84E,Product: STR,263.1
INV_5161,5,4,741,04-09-21 05:39,,FB167849,LTL,6.47
External Vendor,5,3,672,04-09-21 05:41,21-11-21 20:05,BB57A84E,Product: STR,290.81
Ext. Vendor,2,8,817,04-09-21 05:42,,1F1E5E71,Product: STR,85.31
Ext. Vendor,6,9,495,04-09-21 05:44,,FB167849,Product: LTL,174.45
ASSET APPLICATION,4,8,428,04-09-21 05:45,,1F1E5E71,SHORT TERM RENTAL,478.87
Ext. Vendor,3,2,852,04-09-21 05:46,,7A87CE29,Product: LTL,240.89
ASSET APPLICATION,6,7,852,04-09-21 05:48,,DCAF192F,Lont Term   Lease,254.15
External Vendor,6,7,697,04-09-21 05:49,22-11-21 10:37,7A87CE29,Product: 3PC,266.25
ASSET APPLICATION,5,7,795,04-09-21 05:51,,FB167849,Lont Term   Lease,271.83
External Vendor,2,9,990,04-09-21 05:52,22-11-21 15:28,7A87CE29,Product: STR,416.21
Asset Application,3,3,733,04-09-21 05:54,22-11-21 17:54,A87F7113,ltl,221.6
External Vendor,5,9,1091,04-09-21 05:55,22-11-21 20:19,7A87CE29,Product: 3PC,86.05
INV_5162,1,4,990,04-09-21 05:57,,744D4C52,3PC,317.22
ASSET APPLICATION,4,2,846,04-09-21 05:58,,1F1E5E71,Short Term Rental,94.66
Ext. Vendor,3,9,494,04-09-21 05:59,23-11-21 03:35,BB57A84E,Product: STR,44.16
INV_5163,1,4,765,04-09-21 06:01,,7A87CE29,STR,178.11
Asset Application,6,5,403,04-09-21 06:02,,7A87CE29,Third   Party Contract,18.41
ASSET APPLICATION,2,2,1047,04-09-21 06:04,,A87F7113,SHORT TERM RENTAL,474.77
INV_5164,6,3,259,04-09-21 06:05,,A87F7113,LTL,293.31
Ext. Vendor,1,9,209,04-09-21 06:07,23-11-21 15:43,6743A7E9,Product: STR,312.55
External Vendor,5,9,854,04-09-21 06:08,,744D4C52,Product: LTL,481.65
INV_5165,4,9,120,04-09-21 06:10,23-11-21 20:34,BB57A84E,LTL,404.65
Asset Application,5,2,544,04-09-21 06:11,23-11-21 22:59,7D3375FE,Short Term Rental               ,22.06
INV_5166,6,9,653,04-09-21 06:12,,1F1E5E71,3PC,139.91
Asset Application,3,6,125,04-09-21 06:14,24-11-21 03:50,BB57A84E,Third Party Contract                     ,193.57
ASSET APPLICATION,3,6,851,04-09-21 06:15,24-11-21 06:15,BB57A84E,ShortTermRental,325.46
External Vendor,6,6,307,04-09-21 06:17,24-11-21 08:41,7A87CE29,Product: 3PC,436.87
External Vendor,6,4,741,04-09-21 06:18,,C2BA5FC7,Product: 3PC,32.12
External Vendor,1,3,503,04-09-21 06:20,,6743A7E9,Product: STR,339.25
Asset Application,2,7,588,04-09-21 06:21,,7A87CE29,STR,390.4
Asset Application,3,6,873,04-09-21 06:22,,C2BA5FC7,LontTermLease,462.12
Asset Application,3,8,210,04-09-21 06:24,24-11-21 20:48,C2BA5FC7,THIRD PARTY CONTRACT,116.12
ASSET APPLICATION,1,2,251,04-09-21 06:25,24-11-21 23:13,7D3375FE,ThirdPartyContract,454.78
External Vendor,1,7,400,04-09-21 06:27,,6743A7E9,Product: 3PC,184.75
INV_5167,6,8,903,04-09-21 06:28,,A87F7113,LTL,254.63
External Vendor,6,4,956,04-09-21 06:30,,6743A7E9,Product: LTL,167.68
Asset Application,1,6,308,04-09-21 06:31,25-11-21 08:55,6743A7E9,ShortTermRental,52.02
Asset Application,6,7,127,04-09-21 06:33,,6743A7E9,Lont Term Lease,239.85
ASSET APPLICATION,6,1,675,04-09-21 06:34,,1F1E5E71,Third Party Contract,449.87
ASSET APPLICATION,3,3,1034,04-09-21 06:35,,7A87CE29,Short Term Rental               ,411.78
Asset Application,4,3,954,04-09-21 06:37,,7D3375FE,Third   Party Contract,8.28
INV_5168,6,5,708,04-09-21 06:38,,A87F7113,STR,116.84
External Vendor,1,8,807,04-09-21 06:40,25-11-21 23:28,1F1E5E71,Product: STR,485.92
External Vendor,6,1,468,04-09-21 06:41,,FB167849,Product: STR,68.92
Ext. Vendor,1,3,892,04-09-21 06:43,,BB57A84E,Product: STR,46.39
External Vendor,5,7,321,04-09-21 06:44,26-11-21 06:44,744D4C52,Product: LTL,168.12
Asset Application,3,3,279,04-09-21 06:46,,744D4C52,ShortTermRental,58.28
Asset Application,4,3,155,04-09-21 06:47,,6743A7E9,Third Party Contract,448.76
ASSET APPLICATION,2,2,315,04-09-21 06:48,,BB57A84E,LontTermLease,132.36
External Vendor,6,3,590,04-09-21 06:50,26-11-21 16:26,7D3375FE,Product: 3PC,117.52
Asset Application,1,4,157,04-09-21 06:51,26-11-21 18:51,1F1E5E71,short term rental,372.13
ASSET APPLICATION,5,4,433,04-09-21 06:53,26-11-21 21:17,BB57A84E,ThirdPartyContract,363.6
INV_5169,5,4,278,04-09-21 06:54,,C2BA5FC7,LTL,430.79
INV_5170,5,7,616,04-09-21 06:56,,BB57A84E,STR,450.56
Ext. Vendor,4,2,932,04-09-21 06:57,27-11-21 04:33,BB57A84E,Product: 3PC,242.29
External Vendor,4,9,183,04-09-21 06:58,,C2BA5FC7,Product: 3PC,157.1
Asset Application,3,5,273,04-09-21 07:00,27-11-21 09:24,FB167849,ShortTermRental,227.52
INV_5171,6,7,722,04-09-21 07:01,,C2BA5FC7,STR,115.72
External Vendor,3,7,241,04-09-21 07:03,,DCAF192F,Product: 3PC,108.15
INV_5172,2,1,426,04-09-21 07:04,,DCAF192F,STR,101.95
ASSET APPLICATION,1,7,764,04-09-21 07:06,27-11-21 19:06,1F1E5E71,ltl,379.26
External Vendor,1,1,889,04-09-21 07:07,,A87F7113,Product: STR,349.09
INV_5173,5,4,186,04-09-21 07:09,27-11-21 23:57,6743A7E9,3PC,389.45
INV_5174,3,9,1024,04-09-21 07:10,28-11-21 02:22,7A87CE29,LTL,142.55
INV_5175,4,9,677,04-09-21 07:11,,FB167849,STR,70.72
INV_5176,5,6,1003,04-09-21 07:13,,FB167849,LTL,338.02
Ext. Vendor,6,8,829,04-09-21 07:14,28-11-21 09:38,6743A7E9,Product: 3PC,389.9
INV_5177,6,4,145,04-09-21 07:16,,744D4C52,LTL,391.15
ASSET APPLICATION,1,8,558,04-09-21 07:17,28-11-21 14:29,1F1E5E71,short term rental,4.75
ASSET APPLICATION,1,2,262,04-09-21 07:19,,7D3375FE,ThirdPartyContract,368.57
ASSET APPLICATION,3,7,1062,04-09-21 07:20,,7D3375FE,Short Term   Rental,369.84
ASSET APPLICATION,5,5,636,04-09-21 07:22,,DCAF192F,Lont Term Lease,30.72
INV_5178,5,1,1060,04-09-21 07:23,,C2BA5FC7,LTL,375.33
ASSET APPLICATION,6,6,636,04-09-21 07:24,,6743A7E9,LONT TERM LEASE,161.18
ASSET APPLICATION,6,7,501,04-09-21 07:26,,A87F7113,LontTermLease,15.86
INV_5179,6,8,130,04-09-21 07:27,,744D4C52,LTL,240.44
ASSET APPLICATION,6,7,975,04-09-21 07:29,,FB167849,str,481.24
ASSET APPLICATION,3,5,730,04-09-21 07:30,29-11-21 12:18,FB167849,Short Term   Rental,261.4
ASSET APPLICATION,2,7,224,04-09-21 07:32,29-11-21 14:44,A87F7113,ShortTermRental,338.5
ASSET APPLICATION,4,7,485,04-09-21 07:33,,7A87CE29,LontTermLease,107.96
INV_5180,2,1,157,04-09-21 07:34,29-11-21 19:34,7D3375FE,LTL,307.05
Ext. Vendor,6,6,1061,04-09-21 07:36,,C2BA5FC7,Product: LTL,487.79
Asset Application,1,1,958,04-09-21 07:37,,FB167849,str,38.08
Ext. Vendor,6,4,395,04-09-21 07:39,30-11-21 02:51,FB167849,Product: STR,17.09
ASSET APPLICATION,2,9,646,04-09-21 07:40,,A87F7113,LONT TERM LEASE,214.03
ASSET APPLICATION,6,2,157,04-09-21 07:42,30-11-21 07:42,7A87CE29,ShortTermRental,256.35
Asset Application,1,6,655,04-09-21 07:43,,DCAF192F,Third Party Contract,129.94
Asset Application,6,9,382,04-09-21 07:45,,6743A7E9,Lont Term Lease                   ,105.11
External Vendor,4,4,636,04-09-21 07:46,,7D3375FE,Product: LTL,175.8
External Vendor,5,3,973,04-09-21 07:47,,7D3375FE,Product: STR,232.62
Ext. Vendor,5,7,599,04-09-21 07:49,30-11-21 19:49,744D4C52,Product: LTL,297.77
External Vendor,2,3,554,04-09-21 07:50,,C2BA5FC7,Product: LTL,140.65
External Vendor,1,1,1046,04-09-21 07:52,,DCAF192F,Product: 3PC,449.78
Ext. Vendor,1,9,317,04-09-21 07:53,01-12-21 03:05,7A87CE29,Product: 3PC,25.26
Asset Application,5,4,1027,04-09-21 07:55,,744D4C52,Third Party Contract                     ,289.32
ASSET APPLICATION,3,7,120,04-09-21 07:56,,A87F7113,str,499.87
Ext. Vendor,5,7,718,04-09-21 07:58,,C2BA5FC7,Product: LTL,375.17
Asset Application,2,1,218,04-09-21 07:59,,C2BA5FC7,LontTermLease,183.12
Asset Application,3,2,499,04-09-21 08:00,01-12-21 15:12,7A87CE29,LONT TERM LEASE,259.61
ASSET APPLICATION,6,9,889,04-09-21 08:02,,DCAF192F,3pm,264.63
ASSET APPLICATION,6,9,351,04-09-21 08:03,01-12-21 20:03,7D3375FE,STR,345.83
External Vendor,4,7,602,04-09-21 08:05,,1F1E5E71,Product: LTL,361.02
Ext. Vendor,6,3,183,04-09-21 08:06,,7D3375FE,Product: LTL,217.14
External Vendor,4,7,969,04-09-21 08:08,,DCAF192F,Product: STR,217.17
Ext. Vendor,2,9,607,04-09-21 08:09,,FB167849,Product: STR,318.67
INV_5181,1,4,803,04-09-21 08:10,,FB167849,3PC,315.18
Asset Application,3,1,155,04-09-21 08:12,,7D3375FE,Third   Party Contract,376.44
Ext. Vendor,1,5,923,04-09-21 08:13,,C2BA5FC7,Product: STR,161.13
Asset Application,6,5,116,04-09-21 08:15,02-12-21 15:27,BB57A84E,THIRD PARTY CONTRACT,370.51
Ext. Vendor,6,1,486,04-09-21 08:16,02-12-21 17:52,A87F7113,Product: 3PC,421.2
External Vendor,2,5,822,04-09-21 08:18,,A87F7113,Product: STR,24.76
Asset Application,1,2,115,04-09-21 08:19,,6743A7E9,3PC,439.76
Ext. Vendor,2,9,633,04-09-21 08:21,,FB167849,Product: STR,349.86
INV_5182,6,1,397,04-09-21 08:22,03-12-21 03:34,C2BA5FC7,3PC,407.11
ASSET APPLICATION,2,9,715,04-09-21 08:23,03-12-21 05:59,C2BA5FC7,Short Term   Rental,391.54
Ext. Vendor,5,4,220,04-09-21 08:25,,A87F7113,Product: LTL,484.89
Ext. Vendor,4,9,329,04-09-21 08:26,,7A87CE29,Product: LTL,58.22
Asset Application,5,6,571,04-09-21 08:28,,A87F7113,ShortTermRental,153.78
Ext. Vendor,2,4,680,04-09-21 08:29,03-12-21 15:41,6743A7E9,Product: LTL,361.47
ASSET APPLICATION,1,8,222,04-09-21 08:31,,DCAF192F,ltl,233.76
Ext. Vendor,5,2,449,04-09-21 08:32,,FB167849,Product: 3PC,145.99
ASSET APPLICATION,1,1,957,04-09-21 08:34,,FB167849,ltl,342.74
Ext. Vendor,2,7,555,04-09-21 08:35,,BB57A84E,Product: 3PC,147.66
Asset Application,4,6,1041,04-09-21 08:36,04-12-21 03:48,C2BA5FC7,Short Term Rental               ,16.58
Ext. Vendor,6,7,1080,04-09-21 08:38,,1F1E5E71,Product: STR,72.48
Ext. Vendor,3,2,436,04-09-21 08:39,,DCAF192F,Product: STR,361.94
ASSET APPLICATION,1,2,659,04-09-21 08:41,04-12-21 11:05,1F1E5E71,Third Party Contract,76.37
Ext. Vendor,5,5,793,04-09-21 08:42,,7A87CE29,Product: LTL,201.15
INV_5183,1,9,195,04-09-21 08:44,04-12-21 15:56,DCAF192F,STR,376.82
INV_5184,3,1,213,04-09-21 08:45,04-12-21 18:21,1F1E5E71,3PC,418.6
External Vendor,3,9,977,04-09-21 08:46,04-12-21 20:46,DCAF192F,Product: LTL,385.42
ASSET APPLICATION,6,9,967,04-09-21 08:48,04-12-21 23:12,7A87CE29,lont term lease,439.58
INV_5185,5,6,744,04-09-21 08:49,,C2BA5FC7,LTL,434.82
INV_5186,5,2,859,04-09-21 08:51,,BB57A84E,LTL,385.44
Asset Application,6,1,304,04-09-21 08:52,,C2BA5FC7,Short Term   Rental,482.25
INV_5187,3,7,1086,04-09-21 08:54,,1F1E5E71,3PC,392.29
ASSET APPLICATION,5,7,694,04-09-21 08:55,05-12-21 11:19,BB57A84E,Short Term Rental               ,316.17
Ext. Vendor,6,3,538,04-09-21 08:57,05-12-21 13:45,7A87CE29,Product: STR,231.24
Asset Application,3,1,421,04-09-21 08:58,05-12-21 16:10,C2BA5FC7,SHORT TERM RENTAL,153.96
Asset Application,6,2,836,04-09-21 08:59,,1F1E5E71,SHORT TERM RENTAL,20.12
External Vendor,2,7,684,04-09-21 09:01,,744D4C52,Product: STR,8.48
Asset Application,4,6,707,04-09-21 09:02,,1F1E5E71,ShortTermRental,391.53
ASSET APPLICATION,5,5,1086,04-09-21 09:04,06-12-21 01:52,6743A7E9,short term rental,264.24
Asset Application,1,9,276,04-09-21 09:05,,744D4C52,LontTermLease,472.26
Asset Application,1,2,384,04-09-21 09:07,06-12-21 06:43,744D4C52,short term rental,64.81
Asset Application,4,1,431,04-09-21 09:08,,1F1E5E71,Third Party Contract                     ,308.18
Ext. Vendor,5,3,371,04-09-21 09:10,,6743A7E9,Product: LTL,42.91
INV_5188,5,4,494,04-09-21 09:11,,6743A7E9,LTL,1.85
External Vendor,4,6,158,04-09-21 09:12,,1F1E5E71,Product: STR,334.85
Ext. Vendor,4,6,104,04-09-21 09:14,,C2BA5FC7,Product: LTL,166.25
External Vendor,5,3,292,04-09-21 09:15,06-12-21 21:15,BB57A84E,Product: STR,358
Ext. Vendor,6,6,889,04-09-21 09:17,06-12-21 23:41,BB57A84E,Product: 3PC,483.24
INV_5189,3,1,629,04-09-21 09:18,07-12-21 02:06,A87F7113,3PC,135.77
ASSET APPLICATION,5,7,105,04-09-21 09:20,07-12-21 04:32,C2BA5FC7,THIRD PARTY CONTRACT,348.85
External Vendor,5,2,267,04-09-21 09:21,,1F1E5E71,Product: LTL,484
Ext. Vendor,4,5,518,04-09-21 09:22,,A87F7113,Product: 3PC,311.74
Ext. Vendor,4,8,112,04-09-21 09:24,,6743A7E9,Product: STR,253.89
ASSET APPLICATION,1,6,394,04-09-21 09:25,,1F1E5E71,Short Term Rental,477.33
ASSET APPLICATION,2,1,679,04-09-21 09:27,,1F1E5E71,str,232
ASSET APPLICATION,4,4,903,04-09-21 09:28,,BB57A84E,STR,69.33
Ext. Vendor,5,2,802,04-09-21 09:30,,DCAF192F,Product: STR,479.09
External Vendor,3,2,759,04-09-21 09:31,07-12-21 23:55,744D4C52,Product: 3PC,102.84
ASSET APPLICATION,1,3,331,04-09-21 09:33,,BB57A84E,THIRD PARTY CONTRACT,440.89
Asset Application,1,1,246,04-09-21 09:34,,DCAF192F,ltl,132.32
INV_5190,3,7,542,04-09-21 09:35,,1F1E5E71,STR,361.39
Asset Application,5,7,871,04-09-21 09:37,,1F1E5E71,Third Party Contract                     ,239.41
External Vendor,6,7,518,04-09-21 09:38,08-12-21 12:02,FB167849,Product: STR,458.65
External Vendor,6,4,606,04-09-21 09:40,,FB167849,Product: 3PC,397.02
External Vendor,1,3,1075,04-09-21 09:41,08-12-21 16:53,DCAF192F,Product: STR,51.58
External Vendor,5,4,657,04-09-21 09:43,,6743A7E9,Product: 3PC,63.21
INV_5191,2,2,339,04-09-21 09:44,,BB57A84E,LTL,126.82
Ext. Vendor,4,9,622,04-09-21 09:46,09-12-21 00:10,BB57A84E,Product: LTL,264.03
Ext. Vendor,2,1,327,04-09-21 09:47,09-12-21 02:35,6743A7E9,Product: STR,376.34
Ext. Vendor,2,4,1079,04-09-21 09:48,,FB167849,Product: 3PC,332.33
ASSET APPLICATION,5,1,677,04-09-21 09:50,,7D3375FE,LONT TERM LEASE,5.4
Ext. Vendor,3,7,851,04-09-21 09:51,,1F1E5E71,Product: STR,423.21
ASSET APPLICATION,3,4,177,04-09-21 09:53,,A87F7113,short term rental,395.93
External Vendor,6,7,686,04-09-21 09:54,,1F1E5E71,Product: LTL,34.69
Asset Application,2,1,786,04-09-21 09:56,,7A87CE29,Short Term Rental,457.33
External Vendor,1,1,855,04-09-21 09:57,09-12-21 19:33,7D3375FE,Product: STR,355.4
ASSET APPLICATION,4,7,116,04-09-21 09:58,,C2BA5FC7,3pm,306.17
Asset Application,2,8,930,04-09-21 10:00,,7A87CE29,ShortTermRental,182.69
External Vendor,6,2,186,04-09-21 10:01,,C2BA5FC7,Product: 3PC,185.88
External Vendor,3,6,1012,04-09-21 10:03,,A87F7113,Product: STR,486.39
Asset Application,2,9,930,04-09-21 10:04,10-12-21 07:40,FB167849,LTL,266.58
Ext. Vendor,2,3,1046,04-09-21 10:06,,744D4C52,Product: STR,468.33
INV_5192,2,2,234,04-09-21 10:07,,BB57A84E,3PC,201.46
ASSET APPLICATION,1,2,681,04-09-21 10:09,10-12-21 14:57,C2BA5FC7,Third Party Contract                     ,97.32
ASSET APPLICATION,5,9,121,04-09-21 10:10,,744D4C52,Lont Term Lease,124.02
INV_5193,2,1,551,04-09-21 10:11,10-12-21 19:47,DCAF192F,3PC,419.33
Asset Application,6,3,1019,04-09-21 10:13,,6743A7E9,Short Term Rental,489.47
ASSET APPLICATION,3,4,1002,04-09-21 10:14,11-12-21 00:38,6743A7E9,LONT TERM LEASE,9.65
INV_5194,5,7,554,04-09-21 10:16,,1F1E5E71,LTL,428.52
ASSET APPLICATION,4,2,891,04-09-21 10:17,11-12-21 05:29,DCAF192F,LontTermLease,327.45
ASSET APPLICATION,2,1,457,04-09-21 10:19,,6743A7E9,3PC,21.11
INV_5195,2,9,907,04-09-21 10:20,,BB57A84E,STR,235.06
External Vendor,2,6,348,04-09-21 10:22,,7A87CE29,Product: 3PC,89.79
External Vendor,2,6,775,04-09-21 10:23,,744D4C52,Product: 3PC,295.39
INV_5196,3,2,717,04-09-21 10:24,11-12-21 17:36,DCAF192F,LTL,394.19
Ext. Vendor,2,5,154,04-09-21 10:26,,7A87CE29,Product: LTL,30.57
INV_5197,3,1,970,04-09-21 10:27,11-12-21 22:27,1F1E5E71,STR,410.94
Asset Application,2,8,889,04-09-21 10:29,12-12-21 00:53,7D3375FE,LontTermLease,240.75
Ext. Vendor,4,1,930,04-09-21 10:30,,6743A7E9,Product: 3PC,360.06
INV_5198,1,9,364,04-09-21 10:32,,DCAF192F,LTL,128.53
Ext. Vendor,2,1,1022,04-09-21 10:33,,6743A7E9,Product: LTL,312.67
Ext. Vendor,2,8,728,04-09-21 10:34,12-12-21 10:34,BB57A84E,Product: LTL,113.02
ASSET APPLICATION,3,8,923,04-09-21 10:36,12-12-21 13:00,1F1E5E71,Third   Party Contract,197.38
External Vendor,5,8,427,04-09-21 10:37,,7D3375FE,Product: LTL,383.9
ASSET APPLICATION,2,9,1035,04-09-21 10:39,12-12-21 17:51,A87F7113,Lont Term Lease                   ,136.87
External Vendor,1,7,900,04-09-21 10:40,,C2BA5FC7,Product: LTL,120.05
Ext. Vendor,4,6,921,04-09-21 10:42,,BB57A84E,Product: 3PC,268.73
ASSET APPLICATION,1,2,1051,04-09-21 10:43,13-12-21 01:07,BB57A84E,STR,159.14
Asset Application,5,2,913,04-09-21 10:45,,A87F7113,Lont Term   Lease,294.57
Ext. Vendor,6,8,664,04-09-21 10:46,,BB57A84E,Product: STR,70.26
External Vendor,1,8,808,04-09-21 10:47,13-12-21 08:23,C2BA5FC7,Product: 3PC,270.73
Ext. Vendor,6,4,828,04-09-21 10:49,,BB57A84E,Product: STR,445.51
